<?xml version="1.0" encoding="UTF-8"?>
<record_update table="sys_app">
    <sys_app action="INSERT_OR_UPDATE">
        <active>true</active>
        <enforce_license>log</enforce_license>
        <js_level>helsinki_es5</js_level>
        <licensable>true</licensable>
        <logo/>
        <menu/>
        <name>Continuous Integration</name>
        <private>false</private>
        <restrict_table_access>false</restrict_table_access>
        <runtime_access_tracking>permissive</runtime_access_tracking>
        <scope>x_snc_itom_ci</scope>
        <scoped_administration>false</scoped_administration>
        <short_description/>
        <source>x_snc_itom_ci</source>
        <store_correlation_id/>
        <store_url/>
        <sys_class_name>sys_app</sys_class_name>
        <sys_code/>
        <sys_created_by>reuben.stump</sys_created_by>
        <sys_created_on>2016-05-26 23:57:00</sys_created_on>
        <sys_id>741820034f671600298deed18110c701</sys_id>
        <sys_mod_count>2</sys_mod_count>
        <sys_updated_by>reuben.stump</sys_updated_by>
        <sys_updated_on>2016-06-24 21:52:40</sys_updated_on>
        <template/>
        <trackable>true</trackable>
        <user_role/>
        <vendor/>
        <vendor_prefix/>
        <version>1.1.2</version>
    </sys_app>
</record_update>
