<?xml version="1.0" encoding="UTF-8"?>
<record_update sys_domain="global" table="sys_filter">
    <sys_filter action="INSERT_OR_UPDATE">
        <filter table="sys_user">nameSTARTSWITHa^nameISNOTEMPTY^EQ<item endquery="false" field="name" goto="false" newquery="false" operator="STARTSWITH" or="false" value="a"/>
            <item endquery="false" field="name" goto="false" newquery="false" operator="ISNOTEMPTY" or="false" value=""/>
            <item endquery="true" field="" goto="false" newquery="false" operator="=" or="false" value=""/>
        </filter>
        <group/>
        <last_used>2016-06-21 18:20:06</last_used>
        <mobile>true</mobile>
        <roles/>
        <sys_class_name>sys_filter</sys_class_name>
        <sys_created_by>admin</sys_created_by>
        <sys_created_on>2016-06-21 18:20:06</sys_created_on>
        <sys_customer_update>false</sys_customer_update>
        <sys_domain>global</sys_domain>
        <sys_domain_path>/</sys_domain_path>
        <sys_id>0f44999f1340e200913abcc32244b0e8</sys_id>
        <sys_mod_count>0</sys_mod_count>
        <sys_name>mobile</sys_name>
        <sys_package display_value="Continuous Integration" source="x_snc_itom_ci">741820034f671600298deed18110c701</sys_package>
        <sys_policy/>
        <sys_replace_on_upgrade>false</sys_replace_on_upgrade>
        <sys_scope display_value="Continuous Integration">741820034f671600298deed18110c701</sys_scope>
        <sys_update_name>sys_filter_0f44999f1340e200913abcc32244b0e8</sys_update_name>
        <sys_updated_by>admin</sys_updated_by>
        <sys_updated_on>2016-06-21 18:20:06</sys_updated_on>
        <table>sys_user</table>
        <title>mobile</title>
        <user display_value="System Administrator">6816f79cc0a8016401c5a33be04be441</user>
    </sys_filter>
</record_update>
