<?xml version="1.0" encoding="UTF-8"?>
<record_update>
    <sys_ui_section caption="" section_id="0c8908624ff31a00298deed18110c7d1" sys_domain="global" table="x_snc_itom_ci_github_commit_files" version="3" view="">
        <sys_ui_element action="INSERT_OR_UPDATE">
            <element>.begin_split</element>
            <position>0</position>
            <sys_created_by>reuben.stump</sys_created_by>
            <sys_created_on>2016-06-06 18:42:10</sys_created_on>
            <sys_id>888908624ff31a00298deed18110c7d2</sys_id>
            <sys_mod_count>0</sys_mod_count>
            <sys_ui_formatter/>
            <sys_ui_section caption="NULL" display_value="" name="x_snc_itom_ci_github_commit_files" sys_domain="global" view="Default view">0c8908624ff31a00298deed18110c7d1</sys_ui_section>
            <sys_updated_by>reuben.stump</sys_updated_by>
            <sys_updated_on>2016-06-06 18:42:10</sys_updated_on>
            <sys_user/>
            <type>.begin_split</type>
        </sys_ui_element>
        <sys_ui_element action="INSERT_OR_UPDATE">
            <element>commit_sha</element>
            <position>1</position>
            <sys_created_by>reuben.stump</sys_created_by>
            <sys_created_on>2016-06-06 18:42:10</sys_created_on>
            <sys_id>0c8908624ff31a00298deed18110c7d2</sys_id>
            <sys_mod_count>0</sys_mod_count>
            <sys_ui_formatter/>
            <sys_ui_section caption="NULL" display_value="" name="x_snc_itom_ci_github_commit_files" sys_domain="global" view="Default view">0c8908624ff31a00298deed18110c7d1</sys_ui_section>
            <sys_updated_by>reuben.stump</sys_updated_by>
            <sys_updated_on>2016-06-06 18:42:10</sys_updated_on>
            <sys_user/>
            <type/>
        </sys_ui_element>
        <sys_ui_element action="INSERT_OR_UPDATE">
            <element>file_additions</element>
            <position>2</position>
            <sys_created_by>reuben.stump</sys_created_by>
            <sys_created_on>2016-06-06 18:42:10</sys_created_on>
            <sys_id>8c8908624ff31a00298deed18110c7d2</sys_id>
            <sys_mod_count>0</sys_mod_count>
            <sys_ui_formatter/>
            <sys_ui_section caption="NULL" display_value="" name="x_snc_itom_ci_github_commit_files" sys_domain="global" view="Default view">0c8908624ff31a00298deed18110c7d1</sys_ui_section>
            <sys_updated_by>reuben.stump</sys_updated_by>
            <sys_updated_on>2016-06-06 18:42:10</sys_updated_on>
            <sys_user/>
            <type/>
        </sys_ui_element>
        <sys_ui_element action="INSERT_OR_UPDATE">
            <element>.split</element>
            <position>3</position>
            <sys_created_by>reuben.stump</sys_created_by>
            <sys_created_on>2016-06-06 18:42:10</sys_created_on>
            <sys_id>008908624ff31a00298deed18110c7d3</sys_id>
            <sys_mod_count>0</sys_mod_count>
            <sys_ui_formatter/>
            <sys_ui_section caption="NULL" display_value="" name="x_snc_itom_ci_github_commit_files" sys_domain="global" view="Default view">0c8908624ff31a00298deed18110c7d1</sys_ui_section>
            <sys_updated_by>reuben.stump</sys_updated_by>
            <sys_updated_on>2016-06-06 18:42:10</sys_updated_on>
            <sys_user/>
            <type>.split</type>
        </sys_ui_element>
        <sys_ui_element action="INSERT_OR_UPDATE">
            <element>file_changes</element>
            <position>4</position>
            <sys_created_by>reuben.stump</sys_created_by>
            <sys_created_on>2016-06-06 18:42:10</sys_created_on>
            <sys_id>808908624ff31a00298deed18110c7d3</sys_id>
            <sys_mod_count>0</sys_mod_count>
            <sys_ui_formatter/>
            <sys_ui_section caption="NULL" display_value="" name="x_snc_itom_ci_github_commit_files" sys_domain="global" view="Default view">0c8908624ff31a00298deed18110c7d1</sys_ui_section>
            <sys_updated_by>reuben.stump</sys_updated_by>
            <sys_updated_on>2016-06-06 18:42:10</sys_updated_on>
            <sys_user/>
            <type/>
        </sys_ui_element>
        <sys_ui_element action="INSERT_OR_UPDATE">
            <element>file_deletions</element>
            <position>5</position>
            <sys_created_by>reuben.stump</sys_created_by>
            <sys_created_on>2016-06-06 18:42:10</sys_created_on>
            <sys_id>048908624ff31a00298deed18110c7d3</sys_id>
            <sys_mod_count>0</sys_mod_count>
            <sys_ui_formatter/>
            <sys_ui_section caption="NULL" display_value="" name="x_snc_itom_ci_github_commit_files" sys_domain="global" view="Default view">0c8908624ff31a00298deed18110c7d1</sys_ui_section>
            <sys_updated_by>reuben.stump</sys_updated_by>
            <sys_updated_on>2016-06-06 18:42:10</sys_updated_on>
            <sys_user/>
            <type/>
        </sys_ui_element>
        <sys_ui_element action="INSERT_OR_UPDATE">
            <element>.end_split</element>
            <position>6</position>
            <sys_created_by>reuben.stump</sys_created_by>
            <sys_created_on>2016-06-06 18:42:10</sys_created_on>
            <sys_id>848908624ff31a00298deed18110c7d3</sys_id>
            <sys_mod_count>0</sys_mod_count>
            <sys_ui_formatter/>
            <sys_ui_section caption="NULL" display_value="" name="x_snc_itom_ci_github_commit_files" sys_domain="global" view="Default view">0c8908624ff31a00298deed18110c7d1</sys_ui_section>
            <sys_updated_by>reuben.stump</sys_updated_by>
            <sys_updated_on>2016-06-06 18:42:10</sys_updated_on>
            <sys_user/>
            <type>.end_split</type>
        </sys_ui_element>
        <sys_ui_element action="INSERT_OR_UPDATE">
            <element>file_name</element>
            <position>7</position>
            <sys_created_by>reuben.stump</sys_created_by>
            <sys_created_on>2016-06-06 18:42:10</sys_created_on>
            <sys_id>088908624ff31a00298deed18110c7d3</sys_id>
            <sys_mod_count>0</sys_mod_count>
            <sys_ui_formatter/>
            <sys_ui_section caption="NULL" display_value="" name="x_snc_itom_ci_github_commit_files" sys_domain="global" view="Default view">0c8908624ff31a00298deed18110c7d1</sys_ui_section>
            <sys_updated_by>reuben.stump</sys_updated_by>
            <sys_updated_on>2016-06-06 18:42:10</sys_updated_on>
            <sys_user/>
            <type/>
        </sys_ui_element>
        <sys_ui_element action="INSERT_OR_UPDATE">
            <element>.begin_split</element>
            <position>8</position>
            <sys_created_by>reuben.stump</sys_created_by>
            <sys_created_on>2016-06-06 18:42:10</sys_created_on>
            <sys_id>888908624ff31a00298deed18110c7d3</sys_id>
            <sys_mod_count>0</sys_mod_count>
            <sys_ui_formatter/>
            <sys_ui_section caption="NULL" display_value="" name="x_snc_itom_ci_github_commit_files" sys_domain="global" view="Default view">0c8908624ff31a00298deed18110c7d1</sys_ui_section>
            <sys_updated_by>reuben.stump</sys_updated_by>
            <sys_updated_on>2016-06-06 18:42:10</sys_updated_on>
            <sys_user/>
            <type>.begin_split</type>
        </sys_ui_element>
        <sys_ui_element action="INSERT_OR_UPDATE">
            <element>commit</element>
            <position>9</position>
            <sys_created_by>reuben.stump</sys_created_by>
            <sys_created_on>2016-06-06 18:42:10</sys_created_on>
            <sys_id>0c8908624ff31a00298deed18110c7d3</sys_id>
            <sys_mod_count>0</sys_mod_count>
            <sys_ui_formatter/>
            <sys_ui_section caption="NULL" display_value="" name="x_snc_itom_ci_github_commit_files" sys_domain="global" view="Default view">0c8908624ff31a00298deed18110c7d1</sys_ui_section>
            <sys_updated_by>reuben.stump</sys_updated_by>
            <sys_updated_on>2016-06-06 18:42:10</sys_updated_on>
            <sys_user/>
            <type/>
        </sys_ui_element>
        <sys_ui_element action="INSERT_OR_UPDATE">
            <element>.split</element>
            <position>10</position>
            <sys_created_by>reuben.stump</sys_created_by>
            <sys_created_on>2016-06-06 18:42:10</sys_created_on>
            <sys_id>8c8908624ff31a00298deed18110c7d3</sys_id>
            <sys_mod_count>0</sys_mod_count>
            <sys_ui_formatter/>
            <sys_ui_section caption="NULL" display_value="" name="x_snc_itom_ci_github_commit_files" sys_domain="global" view="Default view">0c8908624ff31a00298deed18110c7d1</sys_ui_section>
            <sys_updated_by>reuben.stump</sys_updated_by>
            <sys_updated_on>2016-06-06 18:42:10</sys_updated_on>
            <sys_user/>
            <type>.split</type>
        </sys_ui_element>
        <sys_ui_element action="INSERT_OR_UPDATE">
            <element>file_text</element>
            <position>11</position>
            <sys_created_by>reuben.stump</sys_created_by>
            <sys_created_on>2016-06-06 18:42:10</sys_created_on>
            <sys_id>008908624ff31a00298deed18110c7d4</sys_id>
            <sys_mod_count>0</sys_mod_count>
            <sys_ui_formatter/>
            <sys_ui_section caption="NULL" display_value="" name="x_snc_itom_ci_github_commit_files" sys_domain="global" view="Default view">0c8908624ff31a00298deed18110c7d1</sys_ui_section>
            <sys_updated_by>reuben.stump</sys_updated_by>
            <sys_updated_on>2016-06-06 18:42:10</sys_updated_on>
            <sys_user/>
            <type/>
        </sys_ui_element>
        <sys_ui_element action="INSERT_OR_UPDATE">
            <element>.end_split</element>
            <position>12</position>
            <sys_created_by>reuben.stump</sys_created_by>
            <sys_created_on>2016-06-06 18:42:10</sys_created_on>
            <sys_id>808908624ff31a00298deed18110c7d4</sys_id>
            <sys_mod_count>0</sys_mod_count>
            <sys_ui_formatter/>
            <sys_ui_section caption="NULL" display_value="" name="x_snc_itom_ci_github_commit_files" sys_domain="global" view="Default view">0c8908624ff31a00298deed18110c7d1</sys_ui_section>
            <sys_updated_by>reuben.stump</sys_updated_by>
            <sys_updated_on>2016-06-06 18:42:10</sys_updated_on>
            <sys_user/>
            <type>.end_split</type>
        </sys_ui_element>
        <sys_ui_element action="INSERT_OR_UPDATE">
            <element>status</element>
            <position>13</position>
            <sys_created_by>reuben.stump</sys_created_by>
            <sys_created_on>2016-06-06 18:42:10</sys_created_on>
            <sys_id>048908624ff31a00298deed18110c7d4</sys_id>
            <sys_mod_count>0</sys_mod_count>
            <sys_ui_formatter/>
            <sys_ui_section caption="NULL" display_value="" name="x_snc_itom_ci_github_commit_files" sys_domain="global" view="Default view">0c8908624ff31a00298deed18110c7d1</sys_ui_section>
            <sys_updated_by>reuben.stump</sys_updated_by>
            <sys_updated_on>2016-06-06 18:42:10</sys_updated_on>
            <sys_user/>
            <type/>
        </sys_ui_element>
        <sys_ui_element action="INSERT_OR_UPDATE">
            <element>total_file_changes</element>
            <position>14</position>
            <sys_created_by>reuben.stump</sys_created_by>
            <sys_created_on>2016-06-06 18:42:10</sys_created_on>
            <sys_id>848908624ff31a00298deed18110c7d4</sys_id>
            <sys_mod_count>0</sys_mod_count>
            <sys_ui_formatter/>
            <sys_ui_section caption="NULL" display_value="" name="x_snc_itom_ci_github_commit_files" sys_domain="global" view="Default view">0c8908624ff31a00298deed18110c7d1</sys_ui_section>
            <sys_updated_by>reuben.stump</sys_updated_by>
            <sys_updated_on>2016-06-06 18:42:10</sys_updated_on>
            <sys_user/>
            <type/>
        </sys_ui_element>
        <sys_ui_section action="INSERT_OR_UPDATE">
            <caption/>
            <header>false</header>
            <name>x_snc_itom_ci_github_commit_files</name>
            <roles/>
            <sys_class_name>sys_ui_section</sys_class_name>
            <sys_created_by>reuben.stump</sys_created_by>
            <sys_created_on>2016-06-06 18:42:09</sys_created_on>
            <sys_customer_update>false</sys_customer_update>
            <sys_domain>global</sys_domain>
            <sys_domain_path>/</sys_domain_path>
            <sys_id>0c8908624ff31a00298deed18110c7d1</sys_id>
            <sys_mod_count>1</sys_mod_count>
            <sys_name>x_snc_itom_ci_github_commit_files</sys_name>
            <sys_overrides/>
            <sys_package display_value="Continuous Integration" source="x_snc_itom_ci">741820034f671600298deed18110c701</sys_package>
            <sys_policy/>
            <sys_replace_on_upgrade>false</sys_replace_on_upgrade>
            <sys_scope display_value="Continuous Integration">741820034f671600298deed18110c701</sys_scope>
            <sys_update_name>sys_ui_section_0c8908624ff31a00298deed18110c7d1</sys_update_name>
            <sys_updated_by>shaun.millin</sys_updated_by>
            <sys_updated_on>2016-06-23 15:38:34</sys_updated_on>
            <sys_user/>
            <title>true</title>
            <view display_value="Default view" name="NULL">Default view</view>
            <view_name/>
        </sys_ui_section>
    </sys_ui_section>
</record_update>
