<?xml version="1.0" encoding="UTF-8"?>
<record_update>
    <sys_ui_list parent="" relationship="" sys_domain="global" table="x_snc_itom_ci_github_branches" version="2" view="">
        <sys_ui_list_element action="INSERT_OR_UPDATE">
            <average_value>false</average_value>
            <element>name</element>
            <list_id display_value="x_snc_itom_ci_github_branches" element="NULL" name="x_snc_itom_ci_github_branches" parent="NULL" relationship="NULL" sys_domain="global" view="Default view">ed43fe6f1388e200913abcc32244b08c</list_id>
            <max_value>false</max_value>
            <min_value>false</min_value>
            <position>0</position>
            <sum>false</sum>
            <sys_created_by>reuben.stump</sys_created_by>
            <sys_created_on>2016-06-22 22:52:23</sys_created_on>
            <sys_id>2d3c13e3130ce200913abcc32244b054</sys_id>
            <sys_mod_count>0</sys_mod_count>
            <sys_updated_by>reuben.stump</sys_updated_by>
            <sys_updated_on>2016-06-22 22:52:23</sys_updated_on>
        </sys_ui_list_element>
        <sys_ui_list_element action="INSERT_OR_UPDATE">
            <average_value>false</average_value>
            <element>name</element>
            <list_id display_value="x_snc_itom_ci_github_branches" element="NULL" name="x_snc_itom_ci_github_branches" parent="NULL" relationship="NULL" sys_domain="global" view="Default view">ed43fe6f1388e200913abcc32244b08c</list_id>
            <max_value>false</max_value>
            <min_value>false</min_value>
            <position>0</position>
            <sum>false</sum>
            <sys_created_by>reuben.stump</sys_created_by>
            <sys_created_on>2016-06-06 18:19:02</sys_created_on>
            <sys_id>553448ae4fb31a00298deed18110c7f8</sys_id>
            <sys_mod_count>1</sys_mod_count>
            <sys_updated_by>system</sys_updated_by>
            <sys_updated_on>2016-06-24 21:40:36</sys_updated_on>
        </sys_ui_list_element>
        <sys_ui_list_element action="INSERT_OR_UPDATE">
            <average_value>false</average_value>
            <element>repo</element>
            <list_id display_value="x_snc_itom_ci_github_branches" element="NULL" name="x_snc_itom_ci_github_branches" parent="NULL" relationship="NULL" sys_domain="global" view="Default view">ed43fe6f1388e200913abcc32244b08c</list_id>
            <max_value>false</max_value>
            <min_value>false</min_value>
            <position>1</position>
            <sum>false</sum>
            <sys_created_by>reuben.stump</sys_created_by>
            <sys_created_on>2016-06-22 22:52:23</sys_created_on>
            <sys_id>ad3c13e3130ce200913abcc32244b054</sys_id>
            <sys_mod_count>0</sys_mod_count>
            <sys_updated_by>reuben.stump</sys_updated_by>
            <sys_updated_on>2016-06-22 22:52:23</sys_updated_on>
        </sys_ui_list_element>
        <sys_ui_list_element action="INSERT_OR_UPDATE">
            <average_value>false</average_value>
            <element>repo</element>
            <list_id display_value="x_snc_itom_ci_github_branches" element="NULL" name="x_snc_itom_ci_github_branches" parent="NULL" relationship="NULL" sys_domain="global" view="Default view">ed43fe6f1388e200913abcc32244b08c</list_id>
            <max_value>false</max_value>
            <min_value>false</min_value>
            <position>1</position>
            <sum>false</sum>
            <sys_created_by>reuben.stump</sys_created_by>
            <sys_created_on>2016-06-06 18:19:02</sys_created_on>
            <sys_id>d53448ae4fb31a00298deed18110c7f8</sys_id>
            <sys_mod_count>1</sys_mod_count>
            <sys_updated_by>system</sys_updated_by>
            <sys_updated_on>2016-06-24 21:40:36</sys_updated_on>
        </sys_ui_list_element>
        <sys_ui_list action="INSERT_OR_UPDATE">
            <average_value>false</average_value>
            <element/>
            <max_value>false</max_value>
            <min_value>false</min_value>
            <name>x_snc_itom_ci_github_branches</name>
            <parent/>
            <position/>
            <relationship/>
            <sum>false</sum>
            <sys_class_name>sys_ui_list</sys_class_name>
            <sys_created_by>reuben.stump</sys_created_by>
            <sys_created_on>2016-06-22 19:53:32</sys_created_on>
            <sys_customer_update>false</sys_customer_update>
            <sys_domain>global</sys_domain>
            <sys_domain_path>/</sys_domain_path>
            <sys_id>ed43fe6f1388e200913abcc32244b08c</sys_id>
            <sys_mod_count>0</sys_mod_count>
            <sys_name>x_snc_itom_ci_github_branches</sys_name>
            <sys_package display_value="Continuous Integration" source="x_snc_itom_ci">741820034f671600298deed18110c701</sys_package>
            <sys_policy/>
            <sys_replace_on_upgrade>false</sys_replace_on_upgrade>
            <sys_scope display_value="Continuous Integration">741820034f671600298deed18110c701</sys_scope>
            <sys_update_name>sys_ui_list_x_snc_itom_ci_github_branches_null</sys_update_name>
            <sys_updated_by>reuben.stump</sys_updated_by>
            <sys_updated_on>2016-06-22 19:53:32</sys_updated_on>
            <sys_user/>
            <view display_value="Default view" name="NULL">Default view</view>
            <view_name/>
        </sys_ui_list>
    </sys_ui_list>
</record_update>
