<?xml version="1.0" encoding="UTF-8"?>
<record_update>
    <sys_ui_section caption="" section_id="98d5886213f35a00913abcc32244b005" sys_domain="global" table="x_snc_itom_ci_github_commits" version="3" view="">
        <sys_ui_element action="INSERT_OR_UPDATE">
            <element>.begin_split</element>
            <position>0</position>
            <sys_created_by>shaun.millin</sys_created_by>
            <sys_created_on>2016-06-06 18:26:04</sys_created_on>
            <sys_id>18d5886213f35a00913abcc32244b006</sys_id>
            <sys_mod_count>0</sys_mod_count>
            <sys_ui_formatter/>
            <sys_ui_section caption="NULL" display_value="" name="x_snc_itom_ci_github_commits" sys_domain="global" view="Default view">98d5886213f35a00913abcc32244b005</sys_ui_section>
            <sys_updated_by>shaun.millin</sys_updated_by>
            <sys_updated_on>2016-06-06 18:26:04</sys_updated_on>
            <sys_user/>
            <type>.begin_split</type>
        </sys_ui_element>
        <sys_ui_element action="INSERT_OR_UPDATE">
            <element>commit_date</element>
            <position>1</position>
            <sys_created_by>shaun.millin</sys_created_by>
            <sys_created_on>2016-06-06 18:26:04</sys_created_on>
            <sys_id>98d5886213f35a00913abcc32244b006</sys_id>
            <sys_mod_count>0</sys_mod_count>
            <sys_ui_formatter/>
            <sys_ui_section caption="NULL" display_value="" name="x_snc_itom_ci_github_commits" sys_domain="global" view="Default view">98d5886213f35a00913abcc32244b005</sys_ui_section>
            <sys_updated_by>shaun.millin</sys_updated_by>
            <sys_updated_on>2016-06-06 18:26:04</sys_updated_on>
            <sys_user/>
            <type/>
        </sys_ui_element>
        <sys_ui_element action="INSERT_OR_UPDATE">
            <element>.split</element>
            <position>2</position>
            <sys_created_by>shaun.millin</sys_created_by>
            <sys_created_on>2016-06-06 18:26:04</sys_created_on>
            <sys_id>1cd5886213f35a00913abcc32244b006</sys_id>
            <sys_mod_count>0</sys_mod_count>
            <sys_ui_formatter/>
            <sys_ui_section caption="NULL" display_value="" name="x_snc_itom_ci_github_commits" sys_domain="global" view="Default view">98d5886213f35a00913abcc32244b005</sys_ui_section>
            <sys_updated_by>shaun.millin</sys_updated_by>
            <sys_updated_on>2016-06-06 18:26:04</sys_updated_on>
            <sys_user/>
            <type>.split</type>
        </sys_ui_element>
        <sys_ui_element action="INSERT_OR_UPDATE">
            <element>branch</element>
            <position>3</position>
            <sys_created_by>shaun.millin</sys_created_by>
            <sys_created_on>2016-06-06 18:26:04</sys_created_on>
            <sys_id>9cd5886213f35a00913abcc32244b006</sys_id>
            <sys_mod_count>0</sys_mod_count>
            <sys_ui_formatter/>
            <sys_ui_section caption="NULL" display_value="" name="x_snc_itom_ci_github_commits" sys_domain="global" view="Default view">98d5886213f35a00913abcc32244b005</sys_ui_section>
            <sys_updated_by>shaun.millin</sys_updated_by>
            <sys_updated_on>2016-06-06 18:26:04</sys_updated_on>
            <sys_user/>
            <type/>
        </sys_ui_element>
        <sys_ui_element action="INSERT_OR_UPDATE">
            <element>.end_split</element>
            <position>4</position>
            <sys_created_by>shaun.millin</sys_created_by>
            <sys_created_on>2016-06-06 18:26:04</sys_created_on>
            <sys_id>10d5886213f35a00913abcc32244b007</sys_id>
            <sys_mod_count>0</sys_mod_count>
            <sys_ui_formatter/>
            <sys_ui_section caption="NULL" display_value="" name="x_snc_itom_ci_github_commits" sys_domain="global" view="Default view">98d5886213f35a00913abcc32244b005</sys_ui_section>
            <sys_updated_by>shaun.millin</sys_updated_by>
            <sys_updated_on>2016-06-06 18:26:04</sys_updated_on>
            <sys_user/>
            <type>.end_split</type>
        </sys_ui_element>
        <sys_ui_element action="INSERT_OR_UPDATE">
            <element>url</element>
            <position>5</position>
            <sys_created_by>shaun.millin</sys_created_by>
            <sys_created_on>2016-06-06 18:26:04</sys_created_on>
            <sys_id>90d5886213f35a00913abcc32244b007</sys_id>
            <sys_mod_count>0</sys_mod_count>
            <sys_ui_formatter/>
            <sys_ui_section caption="NULL" display_value="" name="x_snc_itom_ci_github_commits" sys_domain="global" view="Default view">98d5886213f35a00913abcc32244b005</sys_ui_section>
            <sys_updated_by>shaun.millin</sys_updated_by>
            <sys_updated_on>2016-06-06 18:26:04</sys_updated_on>
            <sys_user/>
            <type/>
        </sys_ui_element>
        <sys_ui_element action="INSERT_OR_UPDATE">
            <element>message</element>
            <position>6</position>
            <sys_created_by>shaun.millin</sys_created_by>
            <sys_created_on>2016-06-06 18:26:04</sys_created_on>
            <sys_id>14d5886213f35a00913abcc32244b007</sys_id>
            <sys_mod_count>0</sys_mod_count>
            <sys_ui_formatter/>
            <sys_ui_section caption="NULL" display_value="" name="x_snc_itom_ci_github_commits" sys_domain="global" view="Default view">98d5886213f35a00913abcc32244b005</sys_ui_section>
            <sys_updated_by>shaun.millin</sys_updated_by>
            <sys_updated_on>2016-06-06 18:26:04</sys_updated_on>
            <sys_user/>
            <type/>
        </sys_ui_element>
        <sys_ui_element action="INSERT_OR_UPDATE">
            <element>.begin_split</element>
            <position>7</position>
            <sys_created_by>shaun.millin</sys_created_by>
            <sys_created_on>2016-06-06 18:26:04</sys_created_on>
            <sys_id>94d5886213f35a00913abcc32244b007</sys_id>
            <sys_mod_count>0</sys_mod_count>
            <sys_ui_formatter/>
            <sys_ui_section caption="NULL" display_value="" name="x_snc_itom_ci_github_commits" sys_domain="global" view="Default view">98d5886213f35a00913abcc32244b005</sys_ui_section>
            <sys_updated_by>shaun.millin</sys_updated_by>
            <sys_updated_on>2016-06-06 18:26:04</sys_updated_on>
            <sys_user/>
            <type>.begin_split</type>
        </sys_ui_element>
        <sys_ui_element action="INSERT_OR_UPDATE">
            <element>sha</element>
            <position>8</position>
            <sys_created_by>shaun.millin</sys_created_by>
            <sys_created_on>2016-06-06 18:26:04</sys_created_on>
            <sys_id>9cd5886213f35a00913abcc32244b083</sys_id>
            <sys_mod_count>0</sys_mod_count>
            <sys_ui_formatter/>
            <sys_ui_section caption="NULL" display_value="" name="x_snc_itom_ci_github_commits" sys_domain="global" view="Default view">98d5886213f35a00913abcc32244b005</sys_ui_section>
            <sys_updated_by>shaun.millin</sys_updated_by>
            <sys_updated_on>2016-06-06 18:26:04</sys_updated_on>
            <sys_user/>
            <type/>
        </sys_ui_element>
        <sys_ui_element action="INSERT_OR_UPDATE">
            <element>change_additions</element>
            <position>9</position>
            <sys_created_by>shaun.millin</sys_created_by>
            <sys_created_on>2016-06-06 18:26:04</sys_created_on>
            <sys_id>10d5886213f35a00913abcc32244b084</sys_id>
            <sys_mod_count>0</sys_mod_count>
            <sys_ui_formatter/>
            <sys_ui_section caption="NULL" display_value="" name="x_snc_itom_ci_github_commits" sys_domain="global" view="Default view">98d5886213f35a00913abcc32244b005</sys_ui_section>
            <sys_updated_by>shaun.millin</sys_updated_by>
            <sys_updated_on>2016-06-06 18:26:04</sys_updated_on>
            <sys_user/>
            <type/>
        </sys_ui_element>
        <sys_ui_element action="INSERT_OR_UPDATE">
            <element>.split</element>
            <position>10</position>
            <sys_created_by>shaun.millin</sys_created_by>
            <sys_created_on>2016-06-06 18:26:04</sys_created_on>
            <sys_id>90d5886213f35a00913abcc32244b084</sys_id>
            <sys_mod_count>0</sys_mod_count>
            <sys_ui_formatter/>
            <sys_ui_section caption="NULL" display_value="" name="x_snc_itom_ci_github_commits" sys_domain="global" view="Default view">98d5886213f35a00913abcc32244b005</sys_ui_section>
            <sys_updated_by>shaun.millin</sys_updated_by>
            <sys_updated_on>2016-06-06 18:26:04</sys_updated_on>
            <sys_user/>
            <type>.split</type>
        </sys_ui_element>
        <sys_ui_element action="INSERT_OR_UPDATE">
            <element>change_deletions</element>
            <position>11</position>
            <sys_created_by>shaun.millin</sys_created_by>
            <sys_created_on>2016-06-06 18:26:04</sys_created_on>
            <sys_id>14d5886213f35a00913abcc32244b084</sys_id>
            <sys_mod_count>0</sys_mod_count>
            <sys_ui_formatter/>
            <sys_ui_section caption="NULL" display_value="" name="x_snc_itom_ci_github_commits" sys_domain="global" view="Default view">98d5886213f35a00913abcc32244b005</sys_ui_section>
            <sys_updated_by>shaun.millin</sys_updated_by>
            <sys_updated_on>2016-06-06 18:26:04</sys_updated_on>
            <sys_user/>
            <type/>
        </sys_ui_element>
        <sys_ui_element action="INSERT_OR_UPDATE">
            <element>.end_split</element>
            <position>12</position>
            <sys_created_by>shaun.millin</sys_created_by>
            <sys_created_on>2016-06-06 18:26:04</sys_created_on>
            <sys_id>94d5886213f35a00913abcc32244b084</sys_id>
            <sys_mod_count>0</sys_mod_count>
            <sys_ui_formatter/>
            <sys_ui_section caption="NULL" display_value="" name="x_snc_itom_ci_github_commits" sys_domain="global" view="Default view">98d5886213f35a00913abcc32244b005</sys_ui_section>
            <sys_updated_by>shaun.millin</sys_updated_by>
            <sys_updated_on>2016-06-06 18:26:04</sys_updated_on>
            <sys_user/>
            <type>.end_split</type>
        </sys_ui_element>
        <sys_ui_element action="INSERT_OR_UPDATE">
            <element>commiter</element>
            <position>13</position>
            <sys_created_by>shaun.millin</sys_created_by>
            <sys_created_on>2016-06-06 18:26:04</sys_created_on>
            <sys_id>18d5886213f35a00913abcc32244b084</sys_id>
            <sys_mod_count>0</sys_mod_count>
            <sys_ui_formatter/>
            <sys_ui_section caption="NULL" display_value="" name="x_snc_itom_ci_github_commits" sys_domain="global" view="Default view">98d5886213f35a00913abcc32244b005</sys_ui_section>
            <sys_updated_by>shaun.millin</sys_updated_by>
            <sys_updated_on>2016-06-06 18:26:04</sys_updated_on>
            <sys_user/>
            <type/>
        </sys_ui_element>
        <sys_ui_element action="INSERT_OR_UPDATE">
            <element>commiter_email</element>
            <position>14</position>
            <sys_created_by>shaun.millin</sys_created_by>
            <sys_created_on>2016-06-06 18:26:04</sys_created_on>
            <sys_id>98d5886213f35a00913abcc32244b084</sys_id>
            <sys_mod_count>0</sys_mod_count>
            <sys_ui_formatter/>
            <sys_ui_section caption="NULL" display_value="" name="x_snc_itom_ci_github_commits" sys_domain="global" view="Default view">98d5886213f35a00913abcc32244b005</sys_ui_section>
            <sys_updated_by>shaun.millin</sys_updated_by>
            <sys_updated_on>2016-06-06 18:26:04</sys_updated_on>
            <sys_user/>
            <type/>
        </sys_ui_element>
        <sys_ui_element action="INSERT_OR_UPDATE">
            <element>.begin_split</element>
            <position>15</position>
            <sys_created_by>shaun.millin</sys_created_by>
            <sys_created_on>2016-06-06 18:26:04</sys_created_on>
            <sys_id>1cd5886213f35a00913abcc32244b084</sys_id>
            <sys_mod_count>0</sys_mod_count>
            <sys_ui_formatter/>
            <sys_ui_section caption="NULL" display_value="" name="x_snc_itom_ci_github_commits" sys_domain="global" view="Default view">98d5886213f35a00913abcc32244b005</sys_ui_section>
            <sys_updated_by>shaun.millin</sys_updated_by>
            <sys_updated_on>2016-06-06 18:26:04</sys_updated_on>
            <sys_user/>
            <type>.begin_split</type>
        </sys_ui_element>
        <sys_ui_element action="INSERT_OR_UPDATE">
            <element>repository</element>
            <position>16</position>
            <sys_created_by>shaun.millin</sys_created_by>
            <sys_created_on>2016-06-06 18:26:04</sys_created_on>
            <sys_id>9cd5886213f35a00913abcc32244b084</sys_id>
            <sys_mod_count>0</sys_mod_count>
            <sys_ui_formatter/>
            <sys_ui_section caption="NULL" display_value="" name="x_snc_itom_ci_github_commits" sys_domain="global" view="Default view">98d5886213f35a00913abcc32244b005</sys_ui_section>
            <sys_updated_by>shaun.millin</sys_updated_by>
            <sys_updated_on>2016-06-06 18:26:04</sys_updated_on>
            <sys_user/>
            <type/>
        </sys_ui_element>
        <sys_ui_element action="INSERT_OR_UPDATE">
            <element>.split</element>
            <position>17</position>
            <sys_created_by>shaun.millin</sys_created_by>
            <sys_created_on>2016-06-06 18:26:04</sys_created_on>
            <sys_id>10d5886213f35a00913abcc32244b085</sys_id>
            <sys_mod_count>0</sys_mod_count>
            <sys_ui_formatter/>
            <sys_ui_section caption="NULL" display_value="" name="x_snc_itom_ci_github_commits" sys_domain="global" view="Default view">98d5886213f35a00913abcc32244b005</sys_ui_section>
            <sys_updated_by>shaun.millin</sys_updated_by>
            <sys_updated_on>2016-06-06 18:26:04</sys_updated_on>
            <sys_user/>
            <type>.split</type>
        </sys_ui_element>
        <sys_ui_element action="INSERT_OR_UPDATE">
            <element>total_changes</element>
            <position>18</position>
            <sys_created_by>shaun.millin</sys_created_by>
            <sys_created_on>2016-06-06 18:26:04</sys_created_on>
            <sys_id>90d5886213f35a00913abcc32244b085</sys_id>
            <sys_mod_count>0</sys_mod_count>
            <sys_ui_formatter/>
            <sys_ui_section caption="NULL" display_value="" name="x_snc_itom_ci_github_commits" sys_domain="global" view="Default view">98d5886213f35a00913abcc32244b005</sys_ui_section>
            <sys_updated_by>shaun.millin</sys_updated_by>
            <sys_updated_on>2016-06-06 18:26:04</sys_updated_on>
            <sys_user/>
            <type/>
        </sys_ui_element>
        <sys_ui_element action="INSERT_OR_UPDATE">
            <element>.end_split</element>
            <position>19</position>
            <sys_created_by>shaun.millin</sys_created_by>
            <sys_created_on>2016-06-06 18:26:04</sys_created_on>
            <sys_id>14d5886213f35a00913abcc32244b085</sys_id>
            <sys_mod_count>0</sys_mod_count>
            <sys_ui_formatter/>
            <sys_ui_section caption="NULL" display_value="" name="x_snc_itom_ci_github_commits" sys_domain="global" view="Default view">98d5886213f35a00913abcc32244b005</sys_ui_section>
            <sys_updated_by>shaun.millin</sys_updated_by>
            <sys_updated_on>2016-06-06 18:26:04</sys_updated_on>
            <sys_user/>
            <type>.end_split</type>
        </sys_ui_element>
        <sys_ui_section action="INSERT_OR_UPDATE">
            <caption/>
            <header>false</header>
            <name>x_snc_itom_ci_github_commits</name>
            <roles/>
            <sys_class_name>sys_ui_section</sys_class_name>
            <sys_created_by>shaun.millin</sys_created_by>
            <sys_created_on>2016-06-06 18:26:04</sys_created_on>
            <sys_customer_update>false</sys_customer_update>
            <sys_domain>global</sys_domain>
            <sys_domain_path>/</sys_domain_path>
            <sys_id>98d5886213f35a00913abcc32244b005</sys_id>
            <sys_mod_count>1</sys_mod_count>
            <sys_name>x_snc_itom_ci_github_commits</sys_name>
            <sys_overrides/>
            <sys_package display_value="Continuous Integration" source="x_snc_itom_ci">741820034f671600298deed18110c701</sys_package>
            <sys_policy/>
            <sys_replace_on_upgrade>false</sys_replace_on_upgrade>
            <sys_scope display_value="Continuous Integration">741820034f671600298deed18110c701</sys_scope>
            <sys_update_name>sys_ui_section_98d5886213f35a00913abcc32244b005</sys_update_name>
            <sys_updated_by>shaun.millin</sys_updated_by>
            <sys_updated_on>2016-06-23 15:38:39</sys_updated_on>
            <sys_user/>
            <title>true</title>
            <view display_value="Default view" name="NULL">Default view</view>
            <view_name/>
        </sys_ui_section>
    </sys_ui_section>
</record_update>
