<?xml version="1.0" encoding="UTF-8"?>
<record_update table="sys_security_acl">
    <sys_security_acl action="INSERT_OR_UPDATE">
        <active>true</active>
        <admin_overrides>true</admin_overrides>
        <advanced>false</advanced>
        <condition/>
        <description>Default access control on x_snc_itom_ci_dockerhub_repositories</description>
        <name>x_snc_itom_ci_dockerhub_repositories</name>
        <operation display_value="read">read</operation>
        <script/>
        <sys_class_name>sys_security_acl</sys_class_name>
        <sys_created_by>reuben.stump</sys_created_by>
        <sys_created_on>2016-06-09 14:12:44</sys_created_on>
        <sys_customer_update>false</sys_customer_update>
        <sys_id>b2982adb13bb1200913abcc32244b0a4</sys_id>
        <sys_mod_count>0</sys_mod_count>
        <sys_name>x_snc_itom_ci_dockerhub_repositories</sys_name>
        <sys_package display_value="Continuous Integration" source="x_snc_itom_ci">741820034f671600298deed18110c701</sys_package>
        <sys_policy/>
        <sys_replace_on_upgrade>false</sys_replace_on_upgrade>
        <sys_scope display_value="Continuous Integration">741820034f671600298deed18110c701</sys_scope>
        <sys_update_name>sys_security_acl_b2982adb13bb1200913abcc32244b0a4</sys_update_name>
        <sys_updated_by>reuben.stump</sys_updated_by>
        <sys_updated_on>2016-06-09 14:12:44</sys_updated_on>
        <type display_value="record">record</type>
    </sys_security_acl>
</record_update>
