<?xml version="1.0" encoding="UTF-8"?>
<record_update sys_domain="global" table="sys_filter">
    <sys_filter action="INSERT_OR_UPDATE">
        <filter table="sys_user">nameSTARTSWITHSha^nameISNOTEMPTY^EQ<item endquery="false" field="name" goto="false" newquery="false" operator="STARTSWITH" or="false" value="Sha"/>
            <item endquery="false" field="name" goto="false" newquery="false" operator="ISNOTEMPTY" or="false" value=""/>
            <item endquery="true" field="" goto="false" newquery="false" operator="=" or="false" value=""/>
        </filter>
        <group/>
        <last_used>2016-06-22 12:24:15</last_used>
        <mobile>true</mobile>
        <roles/>
        <sys_class_name>sys_filter</sys_class_name>
        <sys_created_by>shaun.millin</sys_created_by>
        <sys_created_on>2016-06-22 12:24:15</sys_created_on>
        <sys_customer_update>false</sys_customer_update>
        <sys_domain>global</sys_domain>
        <sys_domain_path>/</sys_domain_path>
        <sys_id>447cc1a34f00e200298deed18110c7f8</sys_id>
        <sys_mod_count>0</sys_mod_count>
        <sys_name>mobile</sys_name>
        <sys_package display_value="Continuous Integration" source="x_snc_itom_ci">741820034f671600298deed18110c701</sys_package>
        <sys_policy/>
        <sys_replace_on_upgrade>false</sys_replace_on_upgrade>
        <sys_scope display_value="Continuous Integration">741820034f671600298deed18110c701</sys_scope>
        <sys_update_name>sys_filter_447cc1a34f00e200298deed18110c7f8</sys_update_name>
        <sys_updated_by>shaun.millin</sys_updated_by>
        <sys_updated_on>2016-06-22 12:24:15</sys_updated_on>
        <table>sys_user</table>
        <title>mobile</title>
        <user display_value="Shaun Millin">499eaa3213671600913abcc32244b0f7</user>
    </sys_filter>
</record_update>
