<?xml version="1.0" encoding="UTF-8"?>
<record_update>
    <sys_ui_related sys_domain="global" table="x_snc_itom_ci_github_commits" version="2" view="">
        <sys_ui_related_list_entry action="INSERT_OR_UPDATE">
            <filter/>
            <list_id display_value="GitHub Commits - Default view" name="x_snc_itom_ci_github_commits" related_list="NULL" sys_domain="global" view="Default view">be96e06e4ff31a00298deed18110c794</list_id>
            <order_by/>
            <position>0</position>
            <related_list>x_snc_itom_ci_github_commit_files.commit</related_list>
            <sys_class_name>sys_ui_related_list_entry</sys_class_name>
            <sys_created_by>reuben.stump</sys_created_by>
            <sys_created_on>2016-06-06 20:49:19</sys_created_on>
            <sys_id>f296e06e4ff31a00298deed18110c795</sys_id>
            <sys_mod_count>0</sys_mod_count>
            <sys_updated_by>reuben.stump</sys_updated_by>
            <sys_updated_on>2016-06-06 20:49:19</sys_updated_on>
        </sys_ui_related_list_entry>
        <sys_ui_related_list_entry action="INSERT_OR_UPDATE">
            <filter/>
            <list_id display_value="GitHub Commits - Default view" name="x_snc_itom_ci_github_commits" related_list="NULL" sys_domain="global" view="Default view">be96e06e4ff31a00298deed18110c794</list_id>
            <order_by/>
            <position>1</position>
            <related_list>x_snc_itom_ci_jenkins_builds.commit</related_list>
            <sys_class_name>sys_ui_related_list_entry</sys_class_name>
            <sys_created_by>reuben.stump</sys_created_by>
            <sys_created_on>2016-06-06 20:49:19</sys_created_on>
            <sys_id>b696e06e4ff31a00298deed18110c795</sys_id>
            <sys_mod_count>0</sys_mod_count>
            <sys_updated_by>reuben.stump</sys_updated_by>
            <sys_updated_on>2016-06-06 20:49:19</sys_updated_on>
        </sys_ui_related_list_entry>
        <sys_ui_related_list action="INSERT_OR_UPDATE">
            <calculated_name>GitHub Commits - Default view</calculated_name>
            <filter/>
            <name>x_snc_itom_ci_github_commits</name>
            <order_by/>
            <position/>
            <related_list/>
            <sys_class_name>sys_ui_related_list</sys_class_name>
            <sys_created_by>reuben.stump</sys_created_by>
            <sys_created_on>2016-06-06 20:49:19</sys_created_on>
            <sys_customer_update>false</sys_customer_update>
            <sys_domain>global</sys_domain>
            <sys_domain_path>/</sys_domain_path>
            <sys_id>be96e06e4ff31a00298deed18110c794</sys_id>
            <sys_mod_count>1</sys_mod_count>
            <sys_name>GitHub Commits - Default view</sys_name>
            <sys_package display_value="Continuous Integration" source="x_snc_itom_ci">741820034f671600298deed18110c701</sys_package>
            <sys_policy/>
            <sys_replace_on_upgrade>false</sys_replace_on_upgrade>
            <sys_scope display_value="Continuous Integration">741820034f671600298deed18110c701</sys_scope>
            <sys_update_name>sys_ui_related_x_snc_itom_ci_github_commits_null</sys_update_name>
            <sys_updated_by>shaun.millin</sys_updated_by>
            <sys_updated_on>2016-06-23 15:38:40</sys_updated_on>
            <sys_user/>
            <view display_value="Default view" name="NULL">Default view</view>
            <view_name/>
        </sys_ui_related_list>
    </sys_ui_related>
</record_update>
