<?xml version="1.0" encoding="UTF-8"?>
<record_update>
    <sys_documentation element="is_official" label="Is Official" language="en" table="x_snc_itom_ci_dockerhub_repositories">
        <sys_documentation action="INSERT_OR_UPDATE">
            <element>is_official</element>
            <help/>
            <hint/>
            <label>Is Official</label>
            <language>en</language>
            <name>x_snc_itom_ci_dockerhub_repositories</name>
            <plural>Is Officials</plural>
            <sys_class_name>sys_documentation</sys_class_name>
            <sys_created_by>reuben.stump</sys_created_by>
            <sys_created_on>2016-06-09 14:15:04</sys_created_on>
            <sys_customer_update>false</sys_customer_update>
            <sys_id>3c29e21f13bb1200913abcc32244b05c</sys_id>
            <sys_mod_count>0</sys_mod_count>
            <sys_name>Is Official</sys_name>
            <sys_package display_value="Continuous Integration" source="x_snc_itom_ci">741820034f671600298deed18110c701</sys_package>
            <sys_policy/>
            <sys_replace_on_upgrade>false</sys_replace_on_upgrade>
            <sys_scope display_value="Continuous Integration">741820034f671600298deed18110c701</sys_scope>
            <sys_update_name>sys_documentation_x_snc_itom_ci_dockerhub_repositories_is_official_en</sys_update_name>
            <sys_updated_by>reuben.stump</sys_updated_by>
            <sys_updated_on>2016-06-09 14:15:04</sys_updated_on>
            <url/>
            <url_target/>
        </sys_documentation>
    </sys_documentation>
</record_update>
