<?xml version="1.0" encoding="UTF-8"?>
<record_update>
    <sys_documentation element="branch" label="Branch" language="en" table="x_snc_itom_ci_github_commits">
        <sys_documentation action="INSERT_OR_UPDATE">
            <element>branch</element>
            <help/>
            <hint/>
            <label>Branch</label>
            <language>en</language>
            <name>x_snc_itom_ci_github_commits</name>
            <plural>Branches</plural>
            <sys_class_name>sys_documentation</sys_class_name>
            <sys_created_by>reuben.stump</sys_created_by>
            <sys_created_on>2016-06-03 15:03:04</sys_created_on>
            <sys_customer_update>false</sys_customer_update>
            <sys_id>619ab3554f73d600298deed18110c79d</sys_id>
            <sys_mod_count>0</sys_mod_count>
            <sys_name>Branch</sys_name>
            <sys_package display_value="Continuous Integration" source="x_snc_itom_ci">741820034f671600298deed18110c701</sys_package>
            <sys_policy/>
            <sys_replace_on_upgrade>false</sys_replace_on_upgrade>
            <sys_scope display_value="Continuous Integration">741820034f671600298deed18110c701</sys_scope>
            <sys_update_name>sys_documentation_x_snc_itom_ci_github_commits_branch_en</sys_update_name>
            <sys_updated_by>reuben.stump</sys_updated_by>
            <sys_updated_on>2016-06-03 15:03:04</sys_updated_on>
            <url/>
            <url_target/>
        </sys_documentation>
    </sys_documentation>
</record_update>
