<?xml version="1.0" encoding="UTF-8"?>
<record_update>
    <sys_documentation element="u_githuburl" label="githuburl" language="en" table="var__m_4dc6d79e13735a00913abcc32244b016">
        <sys_documentation action="INSERT_OR_UPDATE">
            <element>u_githuburl</element>
            <help/>
            <hint/>
            <label>githuburl</label>
            <language>en</language>
            <name>var__m_4dc6d79e13735a00913abcc32244b016</name>
            <plural>githuburl</plural>
            <sys_class_name>sys_documentation</sys_class_name>
            <sys_created_by>shaun.millin</sys_created_by>
            <sys_created_on>2016-06-06 15:45:03</sys_created_on>
            <sys_customer_update>false</sys_customer_update>
            <sys_id>79f0679213b35a00913abcc32244b07d</sys_id>
            <sys_mod_count>1</sys_mod_count>
            <sys_name>githuburl</sys_name>
            <sys_package display_value="Continuous Integration" source="x_snc_itom_ci">741820034f671600298deed18110c701</sys_package>
            <sys_policy/>
            <sys_replace_on_upgrade>false</sys_replace_on_upgrade>
            <sys_scope display_value="Continuous Integration">741820034f671600298deed18110c701</sys_scope>
            <sys_update_name>sys_documentation_var__m_4dc6d79e13735a00913abcc32244b016_u_githuburl_en</sys_update_name>
            <sys_updated_by>shaun.millin</sys_updated_by>
            <sys_updated_on>2016-06-06 16:10:53</sys_updated_on>
            <url/>
            <url_target/>
        </sys_documentation>
    </sys_documentation>
</record_update>
