<?xml version="1.0" encoding="UTF-8"?>
<record_update>
    <sys_ui_section caption="" section_id="961ddb524fb31a00298deed18110c750" sys_domain="global" table="x_snc_itom_ci_jenkins_credentials" version="3" view="">
        <sys_ui_element action="INSERT_OR_UPDATE">
            <element>password</element>
            <position>0</position>
            <sys_created_by>reuben.stump</sys_created_by>
            <sys_created_on>2016-06-06 15:28:09</sys_created_on>
            <sys_id>561ddb524fb31a00298deed18110c753</sys_id>
            <sys_mod_count>0</sys_mod_count>
            <sys_ui_formatter/>
            <sys_ui_section caption="NULL" display_value="" name="x_snc_itom_ci_jenkins_credentials" sys_domain="global" view="Default view">961ddb524fb31a00298deed18110c750</sys_ui_section>
            <sys_updated_by>reuben.stump</sys_updated_by>
            <sys_updated_on>2016-06-06 15:28:09</sys_updated_on>
            <sys_user/>
            <type/>
        </sys_ui_element>
        <sys_ui_element action="INSERT_OR_UPDATE">
            <element>user</element>
            <position>1</position>
            <sys_created_by>reuben.stump</sys_created_by>
            <sys_created_on>2016-06-06 15:28:09</sys_created_on>
            <sys_id>d61ddb524fb31a00298deed18110c753</sys_id>
            <sys_mod_count>0</sys_mod_count>
            <sys_ui_formatter/>
            <sys_ui_section caption="NULL" display_value="" name="x_snc_itom_ci_jenkins_credentials" sys_domain="global" view="Default view">961ddb524fb31a00298deed18110c750</sys_ui_section>
            <sys_updated_by>reuben.stump</sys_updated_by>
            <sys_updated_on>2016-06-06 15:28:09</sys_updated_on>
            <sys_user/>
            <type/>
        </sys_ui_element>
        <sys_ui_element action="INSERT_OR_UPDATE">
            <element>server</element>
            <position>2</position>
            <sys_created_by>reuben.stump</sys_created_by>
            <sys_created_on>2016-06-06 15:28:09</sys_created_on>
            <sys_id>5a1ddb524fb31a00298deed18110c753</sys_id>
            <sys_mod_count>0</sys_mod_count>
            <sys_ui_formatter/>
            <sys_ui_section caption="NULL" display_value="" name="x_snc_itom_ci_jenkins_credentials" sys_domain="global" view="Default view">961ddb524fb31a00298deed18110c750</sys_ui_section>
            <sys_updated_by>reuben.stump</sys_updated_by>
            <sys_updated_on>2016-06-06 15:28:09</sys_updated_on>
            <sys_user/>
            <type/>
        </sys_ui_element>
        <sys_ui_section action="INSERT_OR_UPDATE">
            <caption/>
            <header>false</header>
            <name>x_snc_itom_ci_jenkins_credentials</name>
            <roles/>
            <sys_class_name>sys_ui_section</sys_class_name>
            <sys_created_by>reuben.stump</sys_created_by>
            <sys_created_on>2016-06-06 15:28:09</sys_created_on>
            <sys_customer_update>false</sys_customer_update>
            <sys_domain>global</sys_domain>
            <sys_domain_path>/</sys_domain_path>
            <sys_id>961ddb524fb31a00298deed18110c750</sys_id>
            <sys_mod_count>1</sys_mod_count>
            <sys_name>x_snc_itom_ci_jenkins_credentials</sys_name>
            <sys_overrides/>
            <sys_package display_value="Continuous Integration" source="x_snc_itom_ci">741820034f671600298deed18110c701</sys_package>
            <sys_policy/>
            <sys_replace_on_upgrade>false</sys_replace_on_upgrade>
            <sys_scope display_value="Continuous Integration">741820034f671600298deed18110c701</sys_scope>
            <sys_update_name>sys_ui_section_961ddb524fb31a00298deed18110c750</sys_update_name>
            <sys_updated_by>shaun.millin</sys_updated_by>
            <sys_updated_on>2016-06-23 15:38:39</sys_updated_on>
            <sys_user/>
            <title>true</title>
            <view display_value="Default view" name="NULL">Default view</view>
            <view_name/>
        </sys_ui_section>
    </sys_ui_section>
</record_update>
