<?xml version="1.0" encoding="UTF-8"?>
<record_update table="sys_report_chart_color">
    <sys_report_chart_color action="INSERT_OR_UPDATE">
        <color/>
        <color_name display_value="Crimson">65b3022ca9fe3dba00b0c2a1508ad489</color_name>
        <display>background-color:#DC143C</display>
        <element>duration</element>
        <name>x_snc_itom_ci_jenkins_builds</name>
        <sys_class_name>sys_report_chart_color</sys_class_name>
        <sys_created_by>shaun.millin</sys_created_by>
        <sys_created_on>2016-06-22 12:34:26</sys_created_on>
        <sys_customer_update>false</sys_customer_update>
        <sys_id>90ae0da34f00e200298deed18110c733</sys_id>
        <sys_mod_count>0</sys_mod_count>
        <sys_name>x_snc_itom_ci_jenkins_builds</sys_name>
        <sys_package display_value="Continuous Integration" source="x_snc_itom_ci">741820034f671600298deed18110c701</sys_package>
        <sys_policy/>
        <sys_replace_on_upgrade>false</sys_replace_on_upgrade>
        <sys_scope display_value="Continuous Integration">741820034f671600298deed18110c701</sys_scope>
        <sys_update_name>sys_report_chart_color_90ae0da34f00e200298deed18110c733</sys_update_name>
        <sys_updated_by>shaun.millin</sys_updated_by>
        <sys_updated_on>2016-06-22 12:34:26</sys_updated_on>
        <value/>
    </sys_report_chart_color>
</record_update>
