<?xml version="1.0" encoding="UTF-8"?>
<record_update table="sys_db_object">
    <sys_db_object action="INSERT_OR_UPDATE">
        <access>public</access>
        <actions_access>false</actions_access>
        <alter_access>false</alter_access>
        <client_scripts_access>false</client_scripts_access>
        <configuration_access>false</configuration_access>
        <create_access>false</create_access>
        <create_access_controls>true</create_access_controls>
        <delete_access>false</delete_access>
        <extension_model/>
        <is_extendable>false</is_extendable>
        <label>Jenkins Builds</label>
        <live_feed_enabled>false</live_feed_enabled>
        <name>x_snc_itom_ci_jenkins_builds</name>
        <number_ref/>
        <provider_class/>
        <read_access>true</read_access>
        <super_class/>
        <sys_class_name>sys_db_object</sys_class_name>
        <sys_created_by>reuben.stump</sys_created_by>
        <sys_created_on>2016-06-03 15:23:44</sys_created_on>
        <sys_customer_update>false</sys_customer_update>
        <sys_id>2e4fb3194f73d600298deed18110c7b7</sys_id>
        <sys_mod_count>0</sys_mod_count>
        <sys_name>Jenkins Builds</sys_name>
        <sys_package display_value="Continuous Integration" source="x_snc_itom_ci">741820034f671600298deed18110c701</sys_package>
        <sys_policy/>
        <sys_replace_on_upgrade>false</sys_replace_on_upgrade>
        <sys_scope display_value="Continuous Integration">741820034f671600298deed18110c701</sys_scope>
        <sys_update_name>sys_db_object_2e4fb3194f73d600298deed18110c7b7</sys_update_name>
        <sys_updated_by>reuben.stump</sys_updated_by>
        <sys_updated_on>2016-06-03 15:23:44</sys_updated_on>
        <update_access>false</update_access>
        <user_role display_value="x_snc_itom_ci_jenkins_builds_user" name="x_snc_itom_ci_jenkins_builds_user">405f73194f73d600298deed18110c74b</user_role>
        <ws_access>true</ws_access>
    </sys_db_object>
</record_update>
