<?xml version="1.0" encoding="UTF-8"?>
<record_update>
    <sys_documentation element="u_scm_commit" label="scm_commit" language="en" table="var__m_4dc6d79e13735a00913abcc32244b016">
        <sys_documentation action="INSERT_OR_UPDATE">
            <element>u_scm_commit</element>
            <help/>
            <hint/>
            <label>scm_commit</label>
            <language>en</language>
            <name>var__m_4dc6d79e13735a00913abcc32244b016</name>
            <plural>scm_commits</plural>
            <sys_class_name>sys_documentation</sys_class_name>
            <sys_created_by>shaun.millin</sys_created_by>
            <sys_created_on>2016-06-06 16:14:52</sys_created_on>
            <sys_customer_update>false</sys_customer_update>
            <sys_id>e2c7235613b35a00913abcc32244b0b5</sys_id>
            <sys_mod_count>0</sys_mod_count>
            <sys_name>scm_commit</sys_name>
            <sys_package display_value="Continuous Integration" source="x_snc_itom_ci">741820034f671600298deed18110c701</sys_package>
            <sys_policy/>
            <sys_replace_on_upgrade>false</sys_replace_on_upgrade>
            <sys_scope display_value="Continuous Integration">741820034f671600298deed18110c701</sys_scope>
            <sys_update_name>sys_documentation_var__m_4dc6d79e13735a00913abcc32244b016_u_scm_commit_en</sys_update_name>
            <sys_updated_by>shaun.millin</sys_updated_by>
            <sys_updated_on>2016-06-06 16:14:52</sys_updated_on>
            <url/>
            <url_target/>
        </sys_documentation>
    </sys_documentation>
</record_update>
