<?xml version="1.0" encoding="UTF-8"?>
<record_update table="sys_ui_view">
    <sys_ui_view action="INSERT_OR_UPDATE">
        <group/>
        <hidden>false</hidden>
        <name>RPT0753eea31388e200913abcc32244b0dd</name>
        <roles/>
        <sys_class_name>sys_ui_view</sys_class_name>
        <sys_created_by>shaun.millin</sys_created_by>
        <sys_created_on>2016-06-22 18:44:01</sys_created_on>
        <sys_customer_update>false</sys_customer_update>
        <sys_id>db53eea31388e200913abcc32244b0dd</sys_id>
        <sys_mod_count>0</sys_mod_count>
        <sys_name/>
        <sys_package/>
        <sys_policy/>
        <sys_replace_on_upgrade>false</sys_replace_on_upgrade>
        <sys_scope display_value="Continuous Integration">741820034f671600298deed18110c701</sys_scope>
        <sys_update_name/>
        <sys_updated_by>shaun.millin</sys_updated_by>
        <sys_updated_on>2016-06-22 18:44:01</sys_updated_on>
        <title>Rpt0753eea31388e200913abcc32244b0dd</title>
        <user/>
    </sys_ui_view>
</record_update>
