<?xml version="1.0" encoding="UTF-8"?>
<record_update>
    <sys_ui_section caption="" section_id="bc0a4b5b13fb1200913abcc32244b030" sys_domain="global" table="x_snc_itom_ci_dockerhub_images" version="3" view="">
        <sys_ui_element action="INSERT_OR_UPDATE">
            <element>pushed_at</element>
            <position>0</position>
            <sys_created_by>reuben.stump</sys_created_by>
            <sys_created_on>2016-06-09 16:38:42</sys_created_on>
            <sys_id>4d0a4b5b13fb1200913abcc32244b031</sys_id>
            <sys_mod_count>0</sys_mod_count>
            <sys_ui_formatter/>
            <sys_ui_section caption="NULL" display_value="" name="x_snc_itom_ci_dockerhub_images" sys_domain="global" view="Default view">bc0a4b5b13fb1200913abcc32244b030</sys_ui_section>
            <sys_updated_by>reuben.stump</sys_updated_by>
            <sys_updated_on>2016-06-09 16:38:42</sys_updated_on>
            <sys_user/>
            <type/>
        </sys_ui_element>
        <sys_ui_element action="INSERT_OR_UPDATE">
            <element>pusher</element>
            <position>1</position>
            <sys_created_by>reuben.stump</sys_created_by>
            <sys_created_on>2016-06-09 16:38:42</sys_created_on>
            <sys_id>cd0a4b5b13fb1200913abcc32244b031</sys_id>
            <sys_mod_count>0</sys_mod_count>
            <sys_ui_formatter/>
            <sys_ui_section caption="NULL" display_value="" name="x_snc_itom_ci_dockerhub_images" sys_domain="global" view="Default view">bc0a4b5b13fb1200913abcc32244b030</sys_ui_section>
            <sys_updated_by>reuben.stump</sys_updated_by>
            <sys_updated_on>2016-06-09 16:38:42</sys_updated_on>
            <sys_user/>
            <type/>
        </sys_ui_element>
        <sys_ui_element action="INSERT_OR_UPDATE">
            <element>repository</element>
            <position>2</position>
            <sys_created_by>reuben.stump</sys_created_by>
            <sys_created_on>2016-06-09 16:38:42</sys_created_on>
            <sys_id>410a4b5b13fb1200913abcc32244b032</sys_id>
            <sys_mod_count>0</sys_mod_count>
            <sys_ui_formatter/>
            <sys_ui_section caption="NULL" display_value="" name="x_snc_itom_ci_dockerhub_images" sys_domain="global" view="Default view">bc0a4b5b13fb1200913abcc32244b030</sys_ui_section>
            <sys_updated_by>reuben.stump</sys_updated_by>
            <sys_updated_on>2016-06-09 16:38:42</sys_updated_on>
            <sys_user/>
            <type/>
        </sys_ui_element>
        <sys_ui_element action="INSERT_OR_UPDATE">
            <element>tag</element>
            <position>3</position>
            <sys_created_by>reuben.stump</sys_created_by>
            <sys_created_on>2016-06-09 16:42:48</sys_created_on>
            <sys_id>c1facf5b13fb1200913abcc32244b0c4</sys_id>
            <sys_mod_count>0</sys_mod_count>
            <sys_ui_formatter/>
            <sys_ui_section caption="NULL" display_value="" name="x_snc_itom_ci_dockerhub_images" sys_domain="global" view="Default view">bc0a4b5b13fb1200913abcc32244b030</sys_ui_section>
            <sys_updated_by>reuben.stump</sys_updated_by>
            <sys_updated_on>2016-06-09 16:42:48</sys_updated_on>
            <sys_user/>
            <type/>
        </sys_ui_element>
        <sys_ui_section action="INSERT_OR_UPDATE">
            <caption/>
            <header>false</header>
            <name>x_snc_itom_ci_dockerhub_images</name>
            <roles/>
            <sys_class_name>sys_ui_section</sys_class_name>
            <sys_created_by>reuben.stump</sys_created_by>
            <sys_created_on>2016-06-09 16:38:42</sys_created_on>
            <sys_customer_update>false</sys_customer_update>
            <sys_domain>global</sys_domain>
            <sys_domain_path>/</sys_domain_path>
            <sys_id>bc0a4b5b13fb1200913abcc32244b030</sys_id>
            <sys_mod_count>1</sys_mod_count>
            <sys_name>x_snc_itom_ci_dockerhub_images</sys_name>
            <sys_overrides/>
            <sys_package display_value="Continuous Integration" source="x_snc_itom_ci">741820034f671600298deed18110c701</sys_package>
            <sys_policy/>
            <sys_replace_on_upgrade>false</sys_replace_on_upgrade>
            <sys_scope display_value="Continuous Integration">741820034f671600298deed18110c701</sys_scope>
            <sys_update_name>sys_ui_section_bc0a4b5b13fb1200913abcc32244b030</sys_update_name>
            <sys_updated_by>shaun.millin</sys_updated_by>
            <sys_updated_on>2016-06-23 15:38:40</sys_updated_on>
            <sys_user/>
            <title>true</title>
            <view display_value="Default view" name="NULL">Default view</view>
            <view_name/>
        </sys_ui_section>
    </sys_ui_section>
</record_update>
