<?xml version="1.0" encoding="UTF-8"?>
<record_update>
    <sys_ui_list parent="" relationship="" sys_domain="global" table="x_snc_itom_ci_github_commit_files" version="2" view="">
        <sys_ui_list_element action="INSERT_OR_UPDATE">
            <average_value>false</average_value>
            <element>commit</element>
            <list_id display_value="x_snc_itom_ci_github_commit_files" element="NULL" name="x_snc_itom_ci_github_commit_files" parent="NULL" relationship="NULL" sys_domain="global" view="Default view">da63c9981318e2008e4cb9304244b085</list_id>
            <max_value>false</max_value>
            <min_value>false</min_value>
            <position>0</position>
            <sum>false</sum>
            <sys_created_by>admin</sys_created_by>
            <sys_created_on>2016-06-24 19:40:14</sys_created_on>
            <sys_id>1263c9981318e2008e4cb9304244b086</sys_id>
            <sys_mod_count>0</sys_mod_count>
            <sys_updated_by>admin</sys_updated_by>
            <sys_updated_on>2016-06-24 19:40:14</sys_updated_on>
        </sys_ui_list_element>
        <sys_ui_list_element action="INSERT_OR_UPDATE">
            <average_value>false</average_value>
            <element>commit</element>
            <list_id display_value="x_snc_itom_ci_github_commit_files" element="NULL" name="x_snc_itom_ci_github_commit_files" parent="NULL" relationship="NULL" sys_domain="global" view="Default view">da63c9981318e2008e4cb9304244b085</list_id>
            <max_value>false</max_value>
            <min_value>false</min_value>
            <position>0</position>
            <sum>false</sum>
            <sys_created_by>reuben.stump</sys_created_by>
            <sys_created_on>2016-06-06 18:40:26</sys_created_on>
            <sys_id>7619c4624ff31a00298deed18110c7bc</sys_id>
            <sys_mod_count>1</sys_mod_count>
            <sys_updated_by>system</sys_updated_by>
            <sys_updated_on>2016-06-24 21:40:36</sys_updated_on>
        </sys_ui_list_element>
        <sys_ui_list_element action="INSERT_OR_UPDATE">
            <average_value>false</average_value>
            <element>commit_sha</element>
            <list_id display_value="x_snc_itom_ci_github_commit_files" element="NULL" name="x_snc_itom_ci_github_commit_files" parent="NULL" relationship="NULL" sys_domain="global" view="Default view">da63c9981318e2008e4cb9304244b085</list_id>
            <max_value>false</max_value>
            <min_value>false</min_value>
            <position>1</position>
            <sum>false</sum>
            <sys_created_by>reuben.stump</sys_created_by>
            <sys_created_on>2016-06-06 18:40:26</sys_created_on>
            <sys_id>f619c4624ff31a00298deed18110c7bc</sys_id>
            <sys_mod_count>1</sys_mod_count>
            <sys_updated_by>system</sys_updated_by>
            <sys_updated_on>2016-06-24 21:40:36</sys_updated_on>
        </sys_ui_list_element>
        <sys_ui_list_element action="INSERT_OR_UPDATE">
            <average_value>false</average_value>
            <element>commit_sha</element>
            <list_id display_value="x_snc_itom_ci_github_commit_files" element="NULL" name="x_snc_itom_ci_github_commit_files" parent="NULL" relationship="NULL" sys_domain="global" view="Default view">da63c9981318e2008e4cb9304244b085</list_id>
            <max_value>false</max_value>
            <min_value>false</min_value>
            <position>1</position>
            <sum>false</sum>
            <sys_created_by>admin</sys_created_by>
            <sys_created_on>2016-06-24 19:40:14</sys_created_on>
            <sys_id>9263c9981318e2008e4cb9304244b086</sys_id>
            <sys_mod_count>0</sys_mod_count>
            <sys_updated_by>admin</sys_updated_by>
            <sys_updated_on>2016-06-24 19:40:14</sys_updated_on>
        </sys_ui_list_element>
        <sys_ui_list_element action="INSERT_OR_UPDATE">
            <average_value>false</average_value>
            <element>file_additions</element>
            <list_id display_value="x_snc_itom_ci_github_commit_files" element="NULL" name="x_snc_itom_ci_github_commit_files" parent="NULL" relationship="NULL" sys_domain="global" view="Default view">da63c9981318e2008e4cb9304244b085</list_id>
            <max_value>false</max_value>
            <min_value>false</min_value>
            <position>2</position>
            <sum>false</sum>
            <sys_created_by>admin</sys_created_by>
            <sys_created_on>2016-06-24 19:40:14</sys_created_on>
            <sys_id>1663c9981318e2008e4cb9304244b086</sys_id>
            <sys_mod_count>0</sys_mod_count>
            <sys_updated_by>admin</sys_updated_by>
            <sys_updated_on>2016-06-24 19:40:14</sys_updated_on>
        </sys_ui_list_element>
        <sys_ui_list_element action="INSERT_OR_UPDATE">
            <average_value>false</average_value>
            <element>file_additions</element>
            <list_id display_value="x_snc_itom_ci_github_commit_files" element="NULL" name="x_snc_itom_ci_github_commit_files" parent="NULL" relationship="NULL" sys_domain="global" view="Default view">da63c9981318e2008e4cb9304244b085</list_id>
            <max_value>false</max_value>
            <min_value>false</min_value>
            <position>2</position>
            <sum>false</sum>
            <sys_created_by>reuben.stump</sys_created_by>
            <sys_created_on>2016-06-06 18:40:26</sys_created_on>
            <sys_id>7a19c4624ff31a00298deed18110c7bc</sys_id>
            <sys_mod_count>1</sys_mod_count>
            <sys_updated_by>system</sys_updated_by>
            <sys_updated_on>2016-06-24 21:40:36</sys_updated_on>
        </sys_ui_list_element>
        <sys_ui_list_element action="INSERT_OR_UPDATE">
            <average_value>false</average_value>
            <element>file_changes</element>
            <list_id display_value="x_snc_itom_ci_github_commit_files" element="NULL" name="x_snc_itom_ci_github_commit_files" parent="NULL" relationship="NULL" sys_domain="global" view="Default view">da63c9981318e2008e4cb9304244b085</list_id>
            <max_value>false</max_value>
            <min_value>false</min_value>
            <position>3</position>
            <sum>false</sum>
            <sys_created_by>reuben.stump</sys_created_by>
            <sys_created_on>2016-06-06 18:40:26</sys_created_on>
            <sys_id>fa19c4624ff31a00298deed18110c7bc</sys_id>
            <sys_mod_count>1</sys_mod_count>
            <sys_updated_by>system</sys_updated_by>
            <sys_updated_on>2016-06-24 21:40:36</sys_updated_on>
        </sys_ui_list_element>
        <sys_ui_list_element action="INSERT_OR_UPDATE">
            <average_value>false</average_value>
            <element>file_changes</element>
            <list_id display_value="x_snc_itom_ci_github_commit_files" element="NULL" name="x_snc_itom_ci_github_commit_files" parent="NULL" relationship="NULL" sys_domain="global" view="Default view">da63c9981318e2008e4cb9304244b085</list_id>
            <max_value>false</max_value>
            <min_value>false</min_value>
            <position>3</position>
            <sum>false</sum>
            <sys_created_by>admin</sys_created_by>
            <sys_created_on>2016-06-24 19:40:14</sys_created_on>
            <sys_id>9663c9981318e2008e4cb9304244b086</sys_id>
            <sys_mod_count>0</sys_mod_count>
            <sys_updated_by>admin</sys_updated_by>
            <sys_updated_on>2016-06-24 19:40:14</sys_updated_on>
        </sys_ui_list_element>
        <sys_ui_list_element action="INSERT_OR_UPDATE">
            <average_value>false</average_value>
            <element>file_deletions</element>
            <list_id display_value="x_snc_itom_ci_github_commit_files" element="NULL" name="x_snc_itom_ci_github_commit_files" parent="NULL" relationship="NULL" sys_domain="global" view="Default view">da63c9981318e2008e4cb9304244b085</list_id>
            <max_value>false</max_value>
            <min_value>false</min_value>
            <position>4</position>
            <sum>false</sum>
            <sys_created_by>reuben.stump</sys_created_by>
            <sys_created_on>2016-06-06 18:40:26</sys_created_on>
            <sys_id>7e19c4624ff31a00298deed18110c7bc</sys_id>
            <sys_mod_count>1</sys_mod_count>
            <sys_updated_by>system</sys_updated_by>
            <sys_updated_on>2016-06-24 21:40:36</sys_updated_on>
        </sys_ui_list_element>
        <sys_ui_list_element action="INSERT_OR_UPDATE">
            <average_value>false</average_value>
            <element>file_deletions</element>
            <list_id display_value="x_snc_itom_ci_github_commit_files" element="NULL" name="x_snc_itom_ci_github_commit_files" parent="NULL" relationship="NULL" sys_domain="global" view="Default view">da63c9981318e2008e4cb9304244b085</list_id>
            <max_value>false</max_value>
            <min_value>false</min_value>
            <position>4</position>
            <sum>false</sum>
            <sys_created_by>admin</sys_created_by>
            <sys_created_on>2016-06-24 19:40:14</sys_created_on>
            <sys_id>1a63c9981318e2008e4cb9304244b086</sys_id>
            <sys_mod_count>0</sys_mod_count>
            <sys_updated_by>admin</sys_updated_by>
            <sys_updated_on>2016-06-24 19:40:14</sys_updated_on>
        </sys_ui_list_element>
        <sys_ui_list_element action="INSERT_OR_UPDATE">
            <average_value>false</average_value>
            <element>file_name</element>
            <list_id display_value="x_snc_itom_ci_github_commit_files" element="NULL" name="x_snc_itom_ci_github_commit_files" parent="NULL" relationship="NULL" sys_domain="global" view="Default view">da63c9981318e2008e4cb9304244b085</list_id>
            <max_value>false</max_value>
            <min_value>false</min_value>
            <position>5</position>
            <sum>false</sum>
            <sys_created_by>admin</sys_created_by>
            <sys_created_on>2016-06-24 19:40:14</sys_created_on>
            <sys_id>9a63c9981318e2008e4cb9304244b086</sys_id>
            <sys_mod_count>0</sys_mod_count>
            <sys_updated_by>admin</sys_updated_by>
            <sys_updated_on>2016-06-24 19:40:14</sys_updated_on>
        </sys_ui_list_element>
        <sys_ui_list_element action="INSERT_OR_UPDATE">
            <average_value>false</average_value>
            <element>file_name</element>
            <list_id display_value="x_snc_itom_ci_github_commit_files" element="NULL" name="x_snc_itom_ci_github_commit_files" parent="NULL" relationship="NULL" sys_domain="global" view="Default view">da63c9981318e2008e4cb9304244b085</list_id>
            <max_value>false</max_value>
            <min_value>false</min_value>
            <position>5</position>
            <sum>false</sum>
            <sys_created_by>reuben.stump</sys_created_by>
            <sys_created_on>2016-06-06 18:40:26</sys_created_on>
            <sys_id>fe19c4624ff31a00298deed18110c7bc</sys_id>
            <sys_mod_count>1</sys_mod_count>
            <sys_updated_by>system</sys_updated_by>
            <sys_updated_on>2016-06-24 21:40:36</sys_updated_on>
        </sys_ui_list_element>
        <sys_ui_list_element action="INSERT_OR_UPDATE">
            <average_value>false</average_value>
            <element>file_text</element>
            <list_id display_value="x_snc_itom_ci_github_commit_files" element="NULL" name="x_snc_itom_ci_github_commit_files" parent="NULL" relationship="NULL" sys_domain="global" view="Default view">da63c9981318e2008e4cb9304244b085</list_id>
            <max_value>false</max_value>
            <min_value>false</min_value>
            <position>6</position>
            <sum>false</sum>
            <sys_created_by>reuben.stump</sys_created_by>
            <sys_created_on>2016-06-06 18:40:26</sys_created_on>
            <sys_id>7219c4624ff31a00298deed18110c7bd</sys_id>
            <sys_mod_count>1</sys_mod_count>
            <sys_updated_by>system</sys_updated_by>
            <sys_updated_on>2016-06-24 21:40:36</sys_updated_on>
        </sys_ui_list_element>
        <sys_ui_list_element action="INSERT_OR_UPDATE">
            <average_value>false</average_value>
            <element>file_text</element>
            <list_id display_value="x_snc_itom_ci_github_commit_files" element="NULL" name="x_snc_itom_ci_github_commit_files" parent="NULL" relationship="NULL" sys_domain="global" view="Default view">da63c9981318e2008e4cb9304244b085</list_id>
            <max_value>false</max_value>
            <min_value>false</min_value>
            <position>6</position>
            <sum>false</sum>
            <sys_created_by>admin</sys_created_by>
            <sys_created_on>2016-06-24 19:40:14</sys_created_on>
            <sys_id>1e63c9981318e2008e4cb9304244b086</sys_id>
            <sys_mod_count>0</sys_mod_count>
            <sys_updated_by>admin</sys_updated_by>
            <sys_updated_on>2016-06-24 19:40:14</sys_updated_on>
        </sys_ui_list_element>
        <sys_ui_list_element action="INSERT_OR_UPDATE">
            <average_value>false</average_value>
            <element>status</element>
            <list_id display_value="x_snc_itom_ci_github_commit_files" element="NULL" name="x_snc_itom_ci_github_commit_files" parent="NULL" relationship="NULL" sys_domain="global" view="Default view">da63c9981318e2008e4cb9304244b085</list_id>
            <max_value>false</max_value>
            <min_value>false</min_value>
            <position>7</position>
            <sum>false</sum>
            <sys_created_by>admin</sys_created_by>
            <sys_created_on>2016-06-24 19:40:14</sys_created_on>
            <sys_id>9e63c9981318e2008e4cb9304244b086</sys_id>
            <sys_mod_count>0</sys_mod_count>
            <sys_updated_by>admin</sys_updated_by>
            <sys_updated_on>2016-06-24 19:40:14</sys_updated_on>
        </sys_ui_list_element>
        <sys_ui_list_element action="INSERT_OR_UPDATE">
            <average_value>false</average_value>
            <element>status</element>
            <list_id display_value="x_snc_itom_ci_github_commit_files" element="NULL" name="x_snc_itom_ci_github_commit_files" parent="NULL" relationship="NULL" sys_domain="global" view="Default view">da63c9981318e2008e4cb9304244b085</list_id>
            <max_value>false</max_value>
            <min_value>false</min_value>
            <position>7</position>
            <sum>false</sum>
            <sys_created_by>reuben.stump</sys_created_by>
            <sys_created_on>2016-06-06 18:40:26</sys_created_on>
            <sys_id>f219c4624ff31a00298deed18110c7bd</sys_id>
            <sys_mod_count>1</sys_mod_count>
            <sys_updated_by>system</sys_updated_by>
            <sys_updated_on>2016-06-24 21:40:36</sys_updated_on>
        </sys_ui_list_element>
        <sys_ui_list_element action="INSERT_OR_UPDATE">
            <average_value>false</average_value>
            <element>total_file_changes</element>
            <list_id display_value="x_snc_itom_ci_github_commit_files" element="NULL" name="x_snc_itom_ci_github_commit_files" parent="NULL" relationship="NULL" sys_domain="global" view="Default view">da63c9981318e2008e4cb9304244b085</list_id>
            <max_value>false</max_value>
            <min_value>false</min_value>
            <position>8</position>
            <sum>false</sum>
            <sys_created_by>reuben.stump</sys_created_by>
            <sys_created_on>2016-06-06 18:40:26</sys_created_on>
            <sys_id>7619c4624ff31a00298deed18110c7bd</sys_id>
            <sys_mod_count>1</sys_mod_count>
            <sys_updated_by>system</sys_updated_by>
            <sys_updated_on>2016-06-24 21:40:36</sys_updated_on>
        </sys_ui_list_element>
        <sys_ui_list_element action="INSERT_OR_UPDATE">
            <average_value>false</average_value>
            <element>total_file_changes</element>
            <list_id display_value="x_snc_itom_ci_github_commit_files" element="NULL" name="x_snc_itom_ci_github_commit_files" parent="NULL" relationship="NULL" sys_domain="global" view="Default view">da63c9981318e2008e4cb9304244b085</list_id>
            <max_value>false</max_value>
            <min_value>false</min_value>
            <position>8</position>
            <sum>false</sum>
            <sys_created_by>admin</sys_created_by>
            <sys_created_on>2016-06-24 19:40:14</sys_created_on>
            <sys_id>1263c9981318e2008e4cb9304244b087</sys_id>
            <sys_mod_count>0</sys_mod_count>
            <sys_updated_by>admin</sys_updated_by>
            <sys_updated_on>2016-06-24 19:40:14</sys_updated_on>
        </sys_ui_list_element>
        <sys_ui_list action="INSERT_OR_UPDATE">
            <average_value>false</average_value>
            <element/>
            <max_value>false</max_value>
            <min_value>false</min_value>
            <name>x_snc_itom_ci_github_commit_files</name>
            <parent/>
            <position/>
            <relationship/>
            <sum>false</sum>
            <sys_class_name>sys_ui_list</sys_class_name>
            <sys_created_by>admin</sys_created_by>
            <sys_created_on>2016-06-24 19:40:14</sys_created_on>
            <sys_customer_update>false</sys_customer_update>
            <sys_domain>global</sys_domain>
            <sys_domain_path>/</sys_domain_path>
            <sys_id>da63c9981318e2008e4cb9304244b085</sys_id>
            <sys_mod_count>0</sys_mod_count>
            <sys_name>x_snc_itom_ci_github_commit_files</sys_name>
            <sys_package display_value="Continuous Integration" source="x_snc_itom_ci">741820034f671600298deed18110c701</sys_package>
            <sys_policy/>
            <sys_replace_on_upgrade>false</sys_replace_on_upgrade>
            <sys_scope display_value="Continuous Integration">741820034f671600298deed18110c701</sys_scope>
            <sys_update_name>sys_ui_list_x_snc_itom_ci_github_commit_files_null</sys_update_name>
            <sys_updated_by>admin</sys_updated_by>
            <sys_updated_on>2016-06-24 19:40:14</sys_updated_on>
            <sys_user/>
            <view display_value="Default view" name="NULL">Default view</view>
            <view_name/>
        </sys_ui_list>
    </sys_ui_list>
</record_update>
