<?xml version="1.0" encoding="UTF-8"?>
<record_update sys_domain="global" table="sys_ui_action">
    <sys_ui_action action="INSERT_OR_UPDATE">
        <action_name/>
        <active>true</active>
        <client>false</client>
        <comments/>
        <condition/>
        <form_action>true</form_action>
        <form_button>true</form_button>
        <form_context_menu>false</form_context_menu>
        <form_link>true</form_link>
        <hint/>
        <list_action>false</list_action>
        <list_banner_button>false</list_banner_button>
        <list_button>false</list_button>
        <list_choice>false</list_choice>
        <list_context_menu>false</list_context_menu>
        <list_link>false</list_link>
        <list_save_with_form_button>false</list_save_with_form_button>
        <name>Force to update set</name>
        <onclick/>
        <order>100</order>
        <script><![CDATA[//Commit any changes to the record
current.update();

//Check to make sure the table isn't synchronized already
var tbl = current.getTableName();
if(tbl.startsWith('wf_') || tbl.startsWith('sys_ui_') || tbl == 'sys_choice' || current.getED().getBooleanAttribute('update_synch') || current.getED().getBooleanAttribute('update_synch_custom')){
   gs.addErrorMessage('Updates are already being recorded for this table.');
   action.setRedirectURL(current); 
}
else{
   //Push the update into the current update set
   var um = new GlideUpdateManager2();
   um.saveRecord(current);

   //Query for the current update set to display info message
   var setID = gs.getPreference('sys_update_set');
   var us = new GlideRecord('sys_update_set');
   us.get(setID);

   //Display info message and reload the form
   gs.addInfoMessage('Record included in <a href="sys_update_set.do?sys_id=' + setID + '">' + us.name + '</a> update set.');
   action.setRedirectURL(current);
}]]></script>
        <show_insert>true</show_insert>
        <show_multiple_update>false</show_multiple_update>
        <show_query>false</show_query>
        <show_update>true</show_update>
        <sys_class_name>sys_ui_action</sys_class_name>
        <sys_created_by>shaun.millin</sys_created_by>
        <sys_created_on>2016-06-21 18:36:04</sys_created_on>
        <sys_customer_update>false</sys_customer_update>
        <sys_domain>global</sys_domain>
        <sys_domain_path>/</sys_domain_path>
        <sys_id>8927d99b4fc8a200298deed18110c706</sys_id>
        <sys_mod_count>0</sys_mod_count>
        <sys_name>Force to update set</sys_name>
        <sys_overrides/>
        <sys_package display_value="Continuous Integration" source="x_snc_itom_ci">741820034f671600298deed18110c701</sys_package>
        <sys_policy/>
        <sys_replace_on_upgrade>false</sys_replace_on_upgrade>
        <sys_scope display_value="Continuous Integration">741820034f671600298deed18110c701</sys_scope>
        <sys_update_name>sys_ui_action_8927d99b4fc8a200298deed18110c706</sys_update_name>
        <sys_updated_by>shaun.millin</sys_updated_by>
        <sys_updated_on>2016-06-21 18:36:04</sys_updated_on>
        <table/>
        <ui11_compatible>true</ui11_compatible>
        <ui16_compatible>false</ui16_compatible>
    </sys_ui_action>
</record_update>
