<?xml version="1.0" encoding="UTF-8"?>
<record_update table="sys_ui_view">
    <sys_ui_view action="INSERT_OR_UPDATE">
        <group/>
        <hidden>false</hidden>
        <name>sys_popup,RPT8120983e133b5a00913abcc32244b0c1</name>
        <roles/>
        <sys_class_name>sys_ui_view</sys_class_name>
        <sys_created_by>reuben.stump</sys_created_by>
        <sys_created_on>2016-06-21 18:03:44</sys_created_on>
        <sys_customer_update>false</sys_customer_update>
        <sys_id>db805ddb1340e200913abcc32244b0f6</sys_id>
        <sys_mod_count>0</sys_mod_count>
        <sys_name>Sys_popup,rpt8120983e133b5a00913abcc32244b0c1</sys_name>
        <sys_package display_value="Continuous Integration" source="x_snc_itom_ci">741820034f671600298deed18110c701</sys_package>
        <sys_policy/>
        <sys_replace_on_upgrade>false</sys_replace_on_upgrade>
        <sys_scope display_value="Continuous Integration">741820034f671600298deed18110c701</sys_scope>
        <sys_update_name>sys_ui_view_db805ddb1340e200913abcc32244b0f6</sys_update_name>
        <sys_updated_by>reuben.stump</sys_updated_by>
        <sys_updated_on>2016-06-21 18:03:44</sys_updated_on>
        <title>Sys_popup,rpt8120983e133b5a00913abcc32244b0c1</title>
        <user/>
    </sys_ui_view>
</record_update>
