<?xml version="1.0" encoding="UTF-8"?>
<record_update>
    <sys_ui_list parent="" relationship="" sys_domain="global" table="x_snc_itom_ci_github_commits" version="2" view="rpt-temp0493177a4f04a200298deed18110c72ereuben.stump">
        <sys_ui_list_element action="INSERT_OR_UPDATE">
            <average_value>false</average_value>
            <element>sha</element>
            <list_id display_value="x_snc_itom_ci_github_commits" element="NULL" name="x_snc_itom_ci_github_commits" parent="NULL" relationship="NULL" sys_domain="global" view="692aff721388a200913abcc32244b0f9">bbf6766313c8e200913abcc32244b02b</list_id>
            <max_value>false</max_value>
            <min_value>false</min_value>
            <position>0</position>
            <sum>false</sum>
            <sys_created_by>reuben.stump</sys_created_by>
            <sys_created_on>2016-06-22 20:09:48</sys_created_on>
            <sys_id>fff6766313c8e200913abcc32244b02b</sys_id>
            <sys_mod_count>0</sys_mod_count>
            <sys_updated_by>reuben.stump</sys_updated_by>
            <sys_updated_on>2016-06-22 20:09:48</sys_updated_on>
        </sys_ui_list_element>
        <sys_ui_list_element action="INSERT_OR_UPDATE">
            <average_value>false</average_value>
            <element>repository</element>
            <list_id display_value="x_snc_itom_ci_github_commits" element="NULL" name="x_snc_itom_ci_github_commits" parent="NULL" relationship="NULL" sys_domain="global" view="692aff721388a200913abcc32244b0f9">bbf6766313c8e200913abcc32244b02b</list_id>
            <max_value>false</max_value>
            <min_value>false</min_value>
            <position>1</position>
            <sum>false</sum>
            <sys_created_by>reuben.stump</sys_created_by>
            <sys_created_on>2016-06-22 20:09:48</sys_created_on>
            <sys_id>73f6766313c8e200913abcc32244b02c</sys_id>
            <sys_mod_count>0</sys_mod_count>
            <sys_updated_by>reuben.stump</sys_updated_by>
            <sys_updated_on>2016-06-22 20:09:48</sys_updated_on>
        </sys_ui_list_element>
        <sys_ui_list_element action="INSERT_OR_UPDATE">
            <average_value>false</average_value>
            <element>branch.name</element>
            <list_id display_value="x_snc_itom_ci_github_commits" element="NULL" name="x_snc_itom_ci_github_commits" parent="NULL" relationship="NULL" sys_domain="global" view="692aff721388a200913abcc32244b0f9">bbf6766313c8e200913abcc32244b02b</list_id>
            <max_value>false</max_value>
            <min_value>false</min_value>
            <position>2</position>
            <sum>false</sum>
            <sys_created_by>reuben.stump</sys_created_by>
            <sys_created_on>2016-06-22 20:09:48</sys_created_on>
            <sys_id>f3f6766313c8e200913abcc32244b02c</sys_id>
            <sys_mod_count>0</sys_mod_count>
            <sys_updated_by>reuben.stump</sys_updated_by>
            <sys_updated_on>2016-06-22 20:09:48</sys_updated_on>
        </sys_ui_list_element>
        <sys_ui_list_element action="INSERT_OR_UPDATE">
            <average_value>false</average_value>
            <element>repository.url</element>
            <list_id display_value="x_snc_itom_ci_github_commits" element="NULL" name="x_snc_itom_ci_github_commits" parent="NULL" relationship="NULL" sys_domain="global" view="692aff721388a200913abcc32244b0f9">bbf6766313c8e200913abcc32244b02b</list_id>
            <max_value>false</max_value>
            <min_value>false</min_value>
            <position>3</position>
            <sum>false</sum>
            <sys_created_by>reuben.stump</sys_created_by>
            <sys_created_on>2016-06-22 20:09:48</sys_created_on>
            <sys_id>77f6766313c8e200913abcc32244b02c</sys_id>
            <sys_mod_count>0</sys_mod_count>
            <sys_updated_by>reuben.stump</sys_updated_by>
            <sys_updated_on>2016-06-22 20:09:48</sys_updated_on>
        </sys_ui_list_element>
        <sys_ui_list_element action="INSERT_OR_UPDATE">
            <average_value>false</average_value>
            <element>commiter</element>
            <list_id display_value="x_snc_itom_ci_github_commits" element="NULL" name="x_snc_itom_ci_github_commits" parent="NULL" relationship="NULL" sys_domain="global" view="692aff721388a200913abcc32244b0f9">bbf6766313c8e200913abcc32244b02b</list_id>
            <max_value>false</max_value>
            <min_value>false</min_value>
            <position>4</position>
            <sum>false</sum>
            <sys_created_by>reuben.stump</sys_created_by>
            <sys_created_on>2016-06-22 20:09:48</sys_created_on>
            <sys_id>f7f6766313c8e200913abcc32244b02c</sys_id>
            <sys_mod_count>0</sys_mod_count>
            <sys_updated_by>reuben.stump</sys_updated_by>
            <sys_updated_on>2016-06-22 20:09:48</sys_updated_on>
        </sys_ui_list_element>
        <sys_ui_list_element action="INSERT_OR_UPDATE">
            <average_value>false</average_value>
            <element>commiter_email</element>
            <list_id display_value="x_snc_itom_ci_github_commits" element="NULL" name="x_snc_itom_ci_github_commits" parent="NULL" relationship="NULL" sys_domain="global" view="692aff721388a200913abcc32244b0f9">bbf6766313c8e200913abcc32244b02b</list_id>
            <max_value>false</max_value>
            <min_value>false</min_value>
            <position>5</position>
            <sum>false</sum>
            <sys_created_by>reuben.stump</sys_created_by>
            <sys_created_on>2016-06-22 20:09:48</sys_created_on>
            <sys_id>7bf6766313c8e200913abcc32244b02c</sys_id>
            <sys_mod_count>0</sys_mod_count>
            <sys_updated_by>reuben.stump</sys_updated_by>
            <sys_updated_on>2016-06-22 20:09:48</sys_updated_on>
        </sys_ui_list_element>
        <sys_ui_list_element action="INSERT_OR_UPDATE">
            <average_value>false</average_value>
            <element>commit_date</element>
            <list_id display_value="x_snc_itom_ci_github_commits" element="NULL" name="x_snc_itom_ci_github_commits" parent="NULL" relationship="NULL" sys_domain="global" view="692aff721388a200913abcc32244b0f9">bbf6766313c8e200913abcc32244b02b</list_id>
            <max_value>false</max_value>
            <min_value>false</min_value>
            <position>6</position>
            <sum>false</sum>
            <sys_created_by>reuben.stump</sys_created_by>
            <sys_created_on>2016-06-22 20:09:48</sys_created_on>
            <sys_id>fbf6766313c8e200913abcc32244b02c</sys_id>
            <sys_mod_count>0</sys_mod_count>
            <sys_updated_by>reuben.stump</sys_updated_by>
            <sys_updated_on>2016-06-22 20:09:48</sys_updated_on>
        </sys_ui_list_element>
        <sys_ui_list action="INSERT_OR_UPDATE">
            <average_value>false</average_value>
            <element/>
            <max_value>false</max_value>
            <min_value>false</min_value>
            <name>x_snc_itom_ci_github_commits</name>
            <parent/>
            <position/>
            <relationship/>
            <sum>false</sum>
            <sys_class_name>sys_ui_list</sys_class_name>
            <sys_created_by>reuben.stump</sys_created_by>
            <sys_created_on>2016-06-22 20:09:48</sys_created_on>
            <sys_customer_update>false</sys_customer_update>
            <sys_domain>global</sys_domain>
            <sys_domain_path>/</sys_domain_path>
            <sys_id>bbf6766313c8e200913abcc32244b02b</sys_id>
            <sys_mod_count>1</sys_mod_count>
            <sys_name/>
            <sys_package/>
            <sys_policy/>
            <sys_replace_on_upgrade>false</sys_replace_on_upgrade>
            <sys_scope display_value="Continuous Integration">741820034f671600298deed18110c701</sys_scope>
            <sys_update_name/>
            <sys_updated_by>shaun.millin</sys_updated_by>
            <sys_updated_on>2016-06-23 15:38:40</sys_updated_on>
            <sys_user/>
            <view display_value="Rpt-temp0493177a4f04a200298deed18110c72ereuben.stump" name="rpt-temp0493177a4f04a200298deed18110c72ereuben.stump">692aff721388a200913abcc32244b0f9</view>
            <view_name/>
        </sys_ui_list>
    </sys_ui_list>
</record_update>
