<?xml version="1.0" encoding="UTF-8"?>
<record_update table="sys_ui_view">
    <sys_ui_view action="INSERT_OR_UPDATE">
        <group/>
        <hidden>false</hidden>
        <name>sys_popup,RPT0493177a4f04a200298deed18110c72e</name>
        <roles/>
        <sys_class_name>sys_ui_view</sys_class_name>
        <sys_created_by>reuben.stump</sys_created_by>
        <sys_created_on>2016-06-20 17:39:52</sys_created_on>
        <sys_customer_update>false</sys_customer_update>
        <sys_id>048184871388a200913abcc32244b00e</sys_id>
        <sys_mod_count>0</sys_mod_count>
        <sys_name>Sys_popup,rpt0493177a4f04a200298deed18110c72e</sys_name>
        <sys_package display_value="Continuous Integration" source="x_snc_itom_ci">741820034f671600298deed18110c701</sys_package>
        <sys_policy/>
        <sys_replace_on_upgrade>false</sys_replace_on_upgrade>
        <sys_scope display_value="Continuous Integration">741820034f671600298deed18110c701</sys_scope>
        <sys_update_name>sys_ui_view_048184871388a200913abcc32244b00e</sys_update_name>
        <sys_updated_by>reuben.stump</sys_updated_by>
        <sys_updated_on>2016-06-20 17:39:52</sys_updated_on>
        <title>Sys_popup,rpt0493177a4f04a200298deed18110c72e</title>
        <user/>
    </sys_ui_view>
</record_update>
