<?xml version="1.0" encoding="UTF-8"?>
<record_update>
    <sys_documentation element="estimated_duration" label="Estimated_Duration" language="en" table="x_snc_itom_ci_jenkins_builds">
        <sys_documentation action="INSERT_OR_UPDATE">
            <element>estimated_duration</element>
            <help/>
            <hint/>
            <label>Estimated_Duration</label>
            <language>en</language>
            <name>x_snc_itom_ci_jenkins_builds</name>
            <plural>Estimated_Durations</plural>
            <sys_class_name>sys_documentation</sys_class_name>
            <sys_created_by>shaun.millin</sys_created_by>
            <sys_created_on>2016-06-06 19:33:47</sys_created_on>
            <sys_customer_update>false</sys_customer_update>
            <sys_id>d85594e613f35a00913abcc32244b0ad</sys_id>
            <sys_mod_count>0</sys_mod_count>
            <sys_name>Estimated_Duration</sys_name>
            <sys_package display_value="Continuous Integration" source="x_snc_itom_ci">741820034f671600298deed18110c701</sys_package>
            <sys_policy/>
            <sys_replace_on_upgrade>false</sys_replace_on_upgrade>
            <sys_scope display_value="Continuous Integration">741820034f671600298deed18110c701</sys_scope>
            <sys_update_name>sys_documentation_x_snc_itom_ci_jenkins_builds_estimated_duration_en</sys_update_name>
            <sys_updated_by>shaun.millin</sys_updated_by>
            <sys_updated_on>2016-06-06 19:33:47</sys_updated_on>
            <url/>
            <url_target/>
        </sys_documentation>
    </sys_documentation>
</record_update>
