<?xml version="1.0" encoding="UTF-8"?>
<record_update>
    <sys_ui_list parent="" relationship="" sys_domain="global" table="x_snc_itom_ci_dockerhub_repositories" version="2" view="">
        <sys_ui_list_element action="INSERT_OR_UPDATE">
            <average_value>false</average_value>
            <element>name</element>
            <list_id display_value="x_snc_itom_ci_dockerhub_repositories" element="NULL" name="x_snc_itom_ci_dockerhub_repositories" parent="NULL" relationship="NULL" sys_domain="global" view="Default view">7289475b13fb1200913abcc32244b036</list_id>
            <max_value>false</max_value>
            <min_value>false</min_value>
            <position>0</position>
            <sum>false</sum>
            <sys_created_by>reuben.stump</sys_created_by>
            <sys_created_on>2016-06-09 16:36:39</sys_created_on>
            <sys_id>b689475b13fb1200913abcc32244b036</sys_id>
            <sys_mod_count>0</sys_mod_count>
            <sys_updated_by>reuben.stump</sys_updated_by>
            <sys_updated_on>2016-06-09 16:36:39</sys_updated_on>
        </sys_ui_list_element>
        <sys_ui_list_element action="INSERT_OR_UPDATE">
            <average_value>false</average_value>
            <element>comment_count</element>
            <list_id display_value="x_snc_itom_ci_dockerhub_repositories" element="NULL" name="x_snc_itom_ci_dockerhub_repositories" parent="NULL" relationship="NULL" sys_domain="global" view="Default view">7289475b13fb1200913abcc32244b036</list_id>
            <max_value>false</max_value>
            <min_value>false</min_value>
            <position>1</position>
            <sum>false</sum>
            <sys_created_by>reuben.stump</sys_created_by>
            <sys_created_on>2016-06-09 16:36:39</sys_created_on>
            <sys_id>3a89475b13fb1200913abcc32244b036</sys_id>
            <sys_mod_count>0</sys_mod_count>
            <sys_updated_by>reuben.stump</sys_updated_by>
            <sys_updated_on>2016-06-09 16:36:39</sys_updated_on>
        </sys_ui_list_element>
        <sys_ui_list_element action="INSERT_OR_UPDATE">
            <average_value>false</average_value>
            <element>date_created</element>
            <list_id display_value="x_snc_itom_ci_dockerhub_repositories" element="NULL" name="x_snc_itom_ci_dockerhub_repositories" parent="NULL" relationship="NULL" sys_domain="global" view="Default view">7289475b13fb1200913abcc32244b036</list_id>
            <max_value>false</max_value>
            <min_value>false</min_value>
            <position>2</position>
            <sum>false</sum>
            <sys_created_by>reuben.stump</sys_created_by>
            <sys_created_on>2016-06-09 16:36:39</sys_created_on>
            <sys_id>ba89475b13fb1200913abcc32244b036</sys_id>
            <sys_mod_count>0</sys_mod_count>
            <sys_updated_by>reuben.stump</sys_updated_by>
            <sys_updated_on>2016-06-09 16:36:39</sys_updated_on>
        </sys_ui_list_element>
        <sys_ui_list_element action="INSERT_OR_UPDATE">
            <average_value>false</average_value>
            <element>description</element>
            <list_id display_value="x_snc_itom_ci_dockerhub_repositories" element="NULL" name="x_snc_itom_ci_dockerhub_repositories" parent="NULL" relationship="NULL" sys_domain="global" view="Default view">7289475b13fb1200913abcc32244b036</list_id>
            <max_value>false</max_value>
            <min_value>false</min_value>
            <position>3</position>
            <sum>false</sum>
            <sys_created_by>reuben.stump</sys_created_by>
            <sys_created_on>2016-06-09 16:36:39</sys_created_on>
            <sys_id>3e89475b13fb1200913abcc32244b036</sys_id>
            <sys_mod_count>0</sys_mod_count>
            <sys_updated_by>reuben.stump</sys_updated_by>
            <sys_updated_on>2016-06-09 16:36:39</sys_updated_on>
        </sys_ui_list_element>
        <sys_ui_list_element action="INSERT_OR_UPDATE">
            <average_value>false</average_value>
            <element>full_description</element>
            <list_id display_value="x_snc_itom_ci_dockerhub_repositories" element="NULL" name="x_snc_itom_ci_dockerhub_repositories" parent="NULL" relationship="NULL" sys_domain="global" view="Default view">7289475b13fb1200913abcc32244b036</list_id>
            <max_value>false</max_value>
            <min_value>false</min_value>
            <position>4</position>
            <sum>false</sum>
            <sys_created_by>reuben.stump</sys_created_by>
            <sys_created_on>2016-06-09 16:36:39</sys_created_on>
            <sys_id>be89475b13fb1200913abcc32244b036</sys_id>
            <sys_mod_count>0</sys_mod_count>
            <sys_updated_by>reuben.stump</sys_updated_by>
            <sys_updated_on>2016-06-09 16:36:39</sys_updated_on>
        </sys_ui_list_element>
        <sys_ui_list_element action="INSERT_OR_UPDATE">
            <average_value>false</average_value>
            <element>is_official</element>
            <list_id display_value="x_snc_itom_ci_dockerhub_repositories" element="NULL" name="x_snc_itom_ci_dockerhub_repositories" parent="NULL" relationship="NULL" sys_domain="global" view="Default view">7289475b13fb1200913abcc32244b036</list_id>
            <max_value>false</max_value>
            <min_value>false</min_value>
            <position>5</position>
            <sum>false</sum>
            <sys_created_by>reuben.stump</sys_created_by>
            <sys_created_on>2016-06-09 16:36:39</sys_created_on>
            <sys_id>3289475b13fb1200913abcc32244b037</sys_id>
            <sys_mod_count>0</sys_mod_count>
            <sys_updated_by>reuben.stump</sys_updated_by>
            <sys_updated_on>2016-06-09 16:36:39</sys_updated_on>
        </sys_ui_list_element>
        <sys_ui_list_element action="INSERT_OR_UPDATE">
            <average_value>false</average_value>
            <element>is_private</element>
            <list_id display_value="x_snc_itom_ci_dockerhub_repositories" element="NULL" name="x_snc_itom_ci_dockerhub_repositories" parent="NULL" relationship="NULL" sys_domain="global" view="Default view">7289475b13fb1200913abcc32244b036</list_id>
            <max_value>false</max_value>
            <min_value>false</min_value>
            <position>6</position>
            <sum>false</sum>
            <sys_created_by>reuben.stump</sys_created_by>
            <sys_created_on>2016-06-09 16:36:39</sys_created_on>
            <sys_id>b289475b13fb1200913abcc32244b037</sys_id>
            <sys_mod_count>0</sys_mod_count>
            <sys_updated_by>reuben.stump</sys_updated_by>
            <sys_updated_on>2016-06-09 16:36:39</sys_updated_on>
        </sys_ui_list_element>
        <sys_ui_list_element action="INSERT_OR_UPDATE">
            <average_value>false</average_value>
            <element>is_trusted</element>
            <list_id display_value="x_snc_itom_ci_dockerhub_repositories" element="NULL" name="x_snc_itom_ci_dockerhub_repositories" parent="NULL" relationship="NULL" sys_domain="global" view="Default view">7289475b13fb1200913abcc32244b036</list_id>
            <max_value>false</max_value>
            <min_value>false</min_value>
            <position>7</position>
            <sum>false</sum>
            <sys_created_by>reuben.stump</sys_created_by>
            <sys_created_on>2016-06-09 16:36:39</sys_created_on>
            <sys_id>3689475b13fb1200913abcc32244b037</sys_id>
            <sys_mod_count>0</sys_mod_count>
            <sys_updated_by>reuben.stump</sys_updated_by>
            <sys_updated_on>2016-06-09 16:36:39</sys_updated_on>
        </sys_ui_list_element>
        <sys_ui_list_element action="INSERT_OR_UPDATE">
            <average_value>false</average_value>
            <element>namespace</element>
            <list_id display_value="x_snc_itom_ci_dockerhub_repositories" element="NULL" name="x_snc_itom_ci_dockerhub_repositories" parent="NULL" relationship="NULL" sys_domain="global" view="Default view">7289475b13fb1200913abcc32244b036</list_id>
            <max_value>false</max_value>
            <min_value>false</min_value>
            <position>8</position>
            <sum>false</sum>
            <sys_created_by>reuben.stump</sys_created_by>
            <sys_created_on>2016-06-09 16:36:39</sys_created_on>
            <sys_id>b689475b13fb1200913abcc32244b037</sys_id>
            <sys_mod_count>0</sys_mod_count>
            <sys_updated_by>reuben.stump</sys_updated_by>
            <sys_updated_on>2016-06-09 16:36:39</sys_updated_on>
        </sys_ui_list_element>
        <sys_ui_list_element action="INSERT_OR_UPDATE">
            <average_value>false</average_value>
            <element>owner</element>
            <list_id display_value="x_snc_itom_ci_dockerhub_repositories" element="NULL" name="x_snc_itom_ci_dockerhub_repositories" parent="NULL" relationship="NULL" sys_domain="global" view="Default view">7289475b13fb1200913abcc32244b036</list_id>
            <max_value>false</max_value>
            <min_value>false</min_value>
            <position>9</position>
            <sum>false</sum>
            <sys_created_by>reuben.stump</sys_created_by>
            <sys_created_on>2016-06-09 16:36:39</sys_created_on>
            <sys_id>3a89475b13fb1200913abcc32244b037</sys_id>
            <sys_mod_count>0</sys_mod_count>
            <sys_updated_by>reuben.stump</sys_updated_by>
            <sys_updated_on>2016-06-09 16:36:39</sys_updated_on>
        </sys_ui_list_element>
        <sys_ui_list action="INSERT_OR_UPDATE">
            <average_value>false</average_value>
            <element/>
            <max_value>false</max_value>
            <min_value>false</min_value>
            <name>x_snc_itom_ci_dockerhub_repositories</name>
            <parent/>
            <position/>
            <relationship/>
            <sum>false</sum>
            <sys_class_name>sys_ui_list</sys_class_name>
            <sys_created_by>reuben.stump</sys_created_by>
            <sys_created_on>2016-06-09 16:36:39</sys_created_on>
            <sys_customer_update>false</sys_customer_update>
            <sys_domain>global</sys_domain>
            <sys_domain_path>/</sys_domain_path>
            <sys_id>7289475b13fb1200913abcc32244b036</sys_id>
            <sys_mod_count>1</sys_mod_count>
            <sys_name>x_snc_itom_ci_dockerhub_repositories</sys_name>
            <sys_package display_value="Continuous Integration" source="x_snc_itom_ci">741820034f671600298deed18110c701</sys_package>
            <sys_policy/>
            <sys_replace_on_upgrade>false</sys_replace_on_upgrade>
            <sys_scope display_value="Continuous Integration">741820034f671600298deed18110c701</sys_scope>
            <sys_update_name>sys_ui_list_x_snc_itom_ci_dockerhub_repositories_null</sys_update_name>
            <sys_updated_by>shaun.millin</sys_updated_by>
            <sys_updated_on>2016-06-23 15:38:38</sys_updated_on>
            <sys_user/>
            <view display_value="Default view" name="NULL">Default view</view>
            <view_name/>
        </sys_ui_list>
    </sys_ui_list>
</record_update>
