<?xml version="1.0" encoding="UTF-8"?>
<record_update>
    <sys_ui_list parent="" relationship="" sys_domain="global" table="x_snc_itom_ci_jenkins_builds" version="2" view="RPT0753eea31388e200913abcc32244b0dd">
        <sys_ui_list_element action="INSERT_OR_UPDATE">
            <average_value>false</average_value>
            <element>build_id</element>
            <list_id display_value="x_snc_itom_ci_jenkins_builds" element="NULL" name="x_snc_itom_ci_jenkins_builds" parent="NULL" relationship="NULL" sys_domain="global" view="db53eea31388e200913abcc32244b0dd">f4866a271388e200913abcc32244b0dc</list_id>
            <max_value>false</max_value>
            <min_value>false</min_value>
            <position>0</position>
            <sum>false</sum>
            <sys_created_by>shaun.millin</sys_created_by>
            <sys_created_on>2016-06-22 18:57:47</sys_created_on>
            <sys_id>3c866a271388e200913abcc32244b0dc</sys_id>
            <sys_mod_count>0</sys_mod_count>
            <sys_updated_by>shaun.millin</sys_updated_by>
            <sys_updated_on>2016-06-22 18:57:47</sys_updated_on>
        </sys_ui_list_element>
        <sys_ui_list_element action="INSERT_OR_UPDATE">
            <average_value>false</average_value>
            <element>sys_created_on</element>
            <list_id display_value="x_snc_itom_ci_jenkins_builds" element="NULL" name="x_snc_itom_ci_jenkins_builds" parent="NULL" relationship="NULL" sys_domain="global" view="db53eea31388e200913abcc32244b0dd">f4866a271388e200913abcc32244b0dc</list_id>
            <max_value>false</max_value>
            <min_value>false</min_value>
            <position>1</position>
            <sum>false</sum>
            <sys_created_by>shaun.millin</sys_created_by>
            <sys_created_on>2016-06-22 18:57:47</sys_created_on>
            <sys_id>bc866a271388e200913abcc32244b0dc</sys_id>
            <sys_mod_count>0</sys_mod_count>
            <sys_updated_by>shaun.millin</sys_updated_by>
            <sys_updated_on>2016-06-22 18:57:47</sys_updated_on>
        </sys_ui_list_element>
        <sys_ui_list_element action="INSERT_OR_UPDATE">
            <average_value>false</average_value>
            <element>commit</element>
            <list_id display_value="x_snc_itom_ci_jenkins_builds" element="NULL" name="x_snc_itom_ci_jenkins_builds" parent="NULL" relationship="NULL" sys_domain="global" view="db53eea31388e200913abcc32244b0dd">f4866a271388e200913abcc32244b0dc</list_id>
            <max_value>false</max_value>
            <min_value>false</min_value>
            <position>2</position>
            <sum>false</sum>
            <sys_created_by>shaun.millin</sys_created_by>
            <sys_created_on>2016-06-22 18:57:47</sys_created_on>
            <sys_id>01866a271388e200913abcc32244b0dd</sys_id>
            <sys_mod_count>0</sys_mod_count>
            <sys_updated_by>shaun.millin</sys_updated_by>
            <sys_updated_on>2016-06-22 18:57:47</sys_updated_on>
        </sys_ui_list_element>
        <sys_ui_list_element action="INSERT_OR_UPDATE">
            <average_value>false</average_value>
            <element>result</element>
            <list_id display_value="x_snc_itom_ci_jenkins_builds" element="NULL" name="x_snc_itom_ci_jenkins_builds" parent="NULL" relationship="NULL" sys_domain="global" view="db53eea31388e200913abcc32244b0dd">f4866a271388e200913abcc32244b0dc</list_id>
            <max_value>false</max_value>
            <min_value>false</min_value>
            <position>3</position>
            <sum>false</sum>
            <sys_created_by>shaun.millin</sys_created_by>
            <sys_created_on>2016-06-22 18:57:47</sys_created_on>
            <sys_id>81866a271388e200913abcc32244b0dd</sys_id>
            <sys_mod_count>0</sys_mod_count>
            <sys_updated_by>shaun.millin</sys_updated_by>
            <sys_updated_on>2016-06-22 18:57:47</sys_updated_on>
        </sys_ui_list_element>
        <sys_ui_list action="INSERT_OR_UPDATE">
            <average_value>false</average_value>
            <element/>
            <max_value>false</max_value>
            <min_value>false</min_value>
            <name>x_snc_itom_ci_jenkins_builds</name>
            <parent/>
            <position/>
            <relationship/>
            <sum>false</sum>
            <sys_class_name>sys_ui_list</sys_class_name>
            <sys_created_by>shaun.millin</sys_created_by>
            <sys_created_on>2016-06-22 18:57:47</sys_created_on>
            <sys_customer_update>false</sys_customer_update>
            <sys_domain>global</sys_domain>
            <sys_domain_path>/</sys_domain_path>
            <sys_id>f4866a271388e200913abcc32244b0dc</sys_id>
            <sys_mod_count>1</sys_mod_count>
            <sys_name>x_snc_itom_ci_jenkins_builds</sys_name>
            <sys_package display_value="Continuous Integration" source="x_snc_itom_ci">741820034f671600298deed18110c701</sys_package>
            <sys_policy/>
            <sys_replace_on_upgrade>false</sys_replace_on_upgrade>
            <sys_scope display_value="Continuous Integration">741820034f671600298deed18110c701</sys_scope>
            <sys_update_name>sys_ui_list_x_snc_itom_ci_jenkins_builds_RPT0753eea31388e200913abcc32244b0dd</sys_update_name>
            <sys_updated_by>shaun.millin</sys_updated_by>
            <sys_updated_on>2016-06-23 15:38:42</sys_updated_on>
            <sys_user/>
            <view display_value="Rpt0753eea31388e200913abcc32244b0dd" name="RPT0753eea31388e200913abcc32244b0dd">db53eea31388e200913abcc32244b0dd</view>
            <view_name/>
        </sys_ui_list>
    </sys_ui_list>
</record_update>
