<?xml version="1.0" encoding="UTF-8"?>
<record_update table="sys_ws_definition">
    <sys_ws_definition action="INSERT_OR_UPDATE">
        <active>true</active>
        <base_uri>/api/x_snc_itom_ci/gitlab</base_uri>
        <consumes>application/json,application/xml,text/xml</consumes>
        <consumes_customized>false</consumes_customized>
        <default_version>No active default version</default_version>
        <doc_link/>
        <enforce_acl/>
        <is_versioned>false</is_versioned>
        <name>Gitlab Webhook</name>
        <namespace>x_snc_itom_ci</namespace>
        <produces>application/json,application/xml,text/xml</produces>
        <produces_customized>false</produces_customized>
        <service_id>gitlab</service_id>
        <short_description/>
        <sys_class_name>sys_ws_definition</sys_class_name>
        <sys_created_by>reuben.stump</sys_created_by>
        <sys_created_on>2016-05-27 00:21:03</sys_created_on>
        <sys_customer_update>false</sys_customer_update>
        <sys_id>0d1de4834f671600298deed18110c780</sys_id>
        <sys_mod_count>4</sys_mod_count>
        <sys_name>Gitlab Webhook</sys_name>
        <sys_package display_value="Continuous Integration" source="x_snc_itom_ci">741820034f671600298deed18110c701</sys_package>
        <sys_policy/>
        <sys_replace_on_upgrade>false</sys_replace_on_upgrade>
        <sys_scope display_value="Continuous Integration">741820034f671600298deed18110c701</sys_scope>
        <sys_update_name>sys_ws_definition_0d1de4834f671600298deed18110c780</sys_update_name>
        <sys_updated_by>reuben.stump</sys_updated_by>
        <sys_updated_on>2016-05-27 00:38:14</sys_updated_on>
    </sys_ws_definition>
</record_update>
