<?xml version="1.0" encoding="UTF-8"?>
<record_update table="sys_ws_operation">
    <sys_ws_operation action="INSERT_OR_UPDATE">
        <active>true</active>
        <consumes>application/json,application/xml,text/xml</consumes>
        <consumes_customized>false</consumes_customized>
        <default_operation_uri/>
        <enforce_acl/>
        <http_method>POST</http_method>
        <name>triggers</name>
        <operation_script><![CDATA[(function process(/*RESTAPIRequest*/ request, /*RESTAPIResponse*/ response) {
	
	var event, token;
	
	
	event = request.getHeader('x-gitlab-event');
	token = request.getHeader('x-gitlab-token');
	
	// TODO: enable token validation to prevent malicious hook triggers
	
	// Hook events: 'Push Hook', 'Tag Push Hook', 'Merge Request Hook', 'Build Hook'
	// TODO: validate 'Build Hook' type string
	
	switch(event) {
		case 'Push Hook':
			break;
		case 'Tag Push Hook':
			break;
		case 'Merge Request Hook':
			break;
		case 'Build Hook':
			break;
		default:
	}
		
	
	
	gs.info(request.body.dataString);
	gs.info(global.JSON.stringify(request.headers));
	
	response.setStatus(200);

})(request, response);]]></operation_script>
        <operation_uri>/api/x_snc_itom_ci/gitlab</operation_uri>
        <produces>application/json,application/xml,text/xml</produces>
        <produces_customized>false</produces_customized>
        <relative_path>/</relative_path>
        <request_example/>
        <requires_acl_authorization>false</requires_acl_authorization>
        <requires_authentication>false</requires_authentication>
        <short_description/>
        <sys_class_name>sys_ws_operation</sys_class_name>
        <sys_created_by>reuben.stump</sys_created_by>
        <sys_created_on>2016-05-27 00:24:56</sys_created_on>
        <sys_customer_update>false</sys_customer_update>
        <sys_id>e5ad2c834f671600298deed18110c776</sys_id>
        <sys_mod_count>6</sys_mod_count>
        <sys_name>triggers</sys_name>
        <sys_package display_value="Continuous Integration" source="x_snc_itom_ci">741820034f671600298deed18110c701</sys_package>
        <sys_policy/>
        <sys_replace_on_upgrade>false</sys_replace_on_upgrade>
        <sys_scope display_value="Continuous Integration">741820034f671600298deed18110c701</sys_scope>
        <sys_update_name>sys_ws_operation_e5ad2c834f671600298deed18110c776</sys_update_name>
        <sys_updated_by>reuben.stump</sys_updated_by>
        <sys_updated_on>2016-05-27 01:05:28</sys_updated_on>
        <web_service_definition display_value="Gitlab Webhook">0d1de4834f671600298deed18110c780</web_service_definition>
        <web_service_version/>
    </sys_ws_operation>
</record_update>
