<?xml version="1.0" encoding="UTF-8"?>
<record_update table="sys_security_acl_role">
    <sys_security_acl_role action="INSERT_OR_UPDATE">
        <sys_class_name>sys_security_acl_role</sys_class_name>
        <sys_created_by>reuben.stump</sys_created_by>
        <sys_created_on>2016-06-09 14:23:51</sys_created_on>
        <sys_customer_update>false</sys_customer_update>
        <sys_id>292b229f13bb1200913abcc32244b0b7</sys_id>
        <sys_mod_count>0</sys_mod_count>
        <sys_name>x_snc_itom_ci_dockerhub_images.x_snc_itom_ci_dockerhub_images_user</sys_name>
        <sys_package display_value="Continuous Integration" source="x_snc_itom_ci">741820034f671600298deed18110c701</sys_package>
        <sys_policy/>
        <sys_replace_on_upgrade>false</sys_replace_on_upgrade>
        <sys_scope display_value="Continuous Integration">741820034f671600298deed18110c701</sys_scope>
        <sys_security_acl display_value="x_snc_itom_ci_dockerhub_images">692b229f13bb1200913abcc32244b0b6</sys_security_acl>
        <sys_update_name>sys_security_acl_role_292b229f13bb1200913abcc32244b0b7</sys_update_name>
        <sys_updated_by>reuben.stump</sys_updated_by>
        <sys_updated_on>2016-06-09 14:23:51</sys_updated_on>
        <sys_user_role display_value="x_snc_itom_ci_dockerhub_images_user" name="x_snc_itom_ci_dockerhub_images_user">6d2b229f13bb1200913abcc32244b0b2</sys_user_role>
        <transaction_id/>
    </sys_security_acl_role>
</record_update>
