<?xml version="1.0" encoding="UTF-8"?>
<record_update>
    <sys_ui_section caption="" section_id="aaaa8f5b13fb1200913abcc32244b08e" sys_domain="global" table="x_snc_itom_ci_dockerhub_repositories" version="3" view="">
        <sys_ui_element action="INSERT_OR_UPDATE">
            <element>.begin_split</element>
            <position>0</position>
            <sys_created_by>reuben.stump</sys_created_by>
            <sys_created_on>2016-06-09 16:41:33</sys_created_on>
            <sys_id>6aaa8f5b13fb1200913abcc32244b08f</sys_id>
            <sys_mod_count>0</sys_mod_count>
            <sys_ui_formatter/>
            <sys_ui_section caption="NULL" display_value="" name="x_snc_itom_ci_dockerhub_repositories" sys_domain="global" view="Default view">aaaa8f5b13fb1200913abcc32244b08e</sys_ui_section>
            <sys_updated_by>reuben.stump</sys_updated_by>
            <sys_updated_on>2016-06-09 16:41:33</sys_updated_on>
            <sys_user/>
            <type>.begin_split</type>
        </sys_ui_element>
        <sys_ui_element action="INSERT_OR_UPDATE">
            <element>comment_count</element>
            <position>1</position>
            <sys_created_by>reuben.stump</sys_created_by>
            <sys_created_on>2016-06-09 16:41:33</sys_created_on>
            <sys_id>eaaa8f5b13fb1200913abcc32244b08f</sys_id>
            <sys_mod_count>0</sys_mod_count>
            <sys_ui_formatter/>
            <sys_ui_section caption="NULL" display_value="" name="x_snc_itom_ci_dockerhub_repositories" sys_domain="global" view="Default view">aaaa8f5b13fb1200913abcc32244b08e</sys_ui_section>
            <sys_updated_by>reuben.stump</sys_updated_by>
            <sys_updated_on>2016-06-09 16:41:33</sys_updated_on>
            <sys_user/>
            <type/>
        </sys_ui_element>
        <sys_ui_element action="INSERT_OR_UPDATE">
            <element>.split</element>
            <position>2</position>
            <sys_created_by>reuben.stump</sys_created_by>
            <sys_created_on>2016-06-09 16:41:33</sys_created_on>
            <sys_id>6eaa8f5b13fb1200913abcc32244b08f</sys_id>
            <sys_mod_count>0</sys_mod_count>
            <sys_ui_formatter/>
            <sys_ui_section caption="NULL" display_value="" name="x_snc_itom_ci_dockerhub_repositories" sys_domain="global" view="Default view">aaaa8f5b13fb1200913abcc32244b08e</sys_ui_section>
            <sys_updated_by>reuben.stump</sys_updated_by>
            <sys_updated_on>2016-06-09 16:41:33</sys_updated_on>
            <sys_user/>
            <type>.split</type>
        </sys_ui_element>
        <sys_ui_element action="INSERT_OR_UPDATE">
            <element>date_created</element>
            <position>3</position>
            <sys_created_by>reuben.stump</sys_created_by>
            <sys_created_on>2016-06-09 16:41:33</sys_created_on>
            <sys_id>eeaa8f5b13fb1200913abcc32244b08f</sys_id>
            <sys_mod_count>0</sys_mod_count>
            <sys_ui_formatter/>
            <sys_ui_section caption="NULL" display_value="" name="x_snc_itom_ci_dockerhub_repositories" sys_domain="global" view="Default view">aaaa8f5b13fb1200913abcc32244b08e</sys_ui_section>
            <sys_updated_by>reuben.stump</sys_updated_by>
            <sys_updated_on>2016-06-09 16:41:33</sys_updated_on>
            <sys_user/>
            <type/>
        </sys_ui_element>
        <sys_ui_element action="INSERT_OR_UPDATE">
            <element>.end_split</element>
            <position>4</position>
            <sys_created_by>reuben.stump</sys_created_by>
            <sys_created_on>2016-06-09 16:41:33</sys_created_on>
            <sys_id>62aa8f5b13fb1200913abcc32244b090</sys_id>
            <sys_mod_count>0</sys_mod_count>
            <sys_ui_formatter/>
            <sys_ui_section caption="NULL" display_value="" name="x_snc_itom_ci_dockerhub_repositories" sys_domain="global" view="Default view">aaaa8f5b13fb1200913abcc32244b08e</sys_ui_section>
            <sys_updated_by>reuben.stump</sys_updated_by>
            <sys_updated_on>2016-06-09 16:41:33</sys_updated_on>
            <sys_user/>
            <type>.end_split</type>
        </sys_ui_element>
        <sys_ui_element action="INSERT_OR_UPDATE">
            <element>description</element>
            <position>5</position>
            <sys_created_by>reuben.stump</sys_created_by>
            <sys_created_on>2016-06-09 16:41:33</sys_created_on>
            <sys_id>e2aa8f5b13fb1200913abcc32244b090</sys_id>
            <sys_mod_count>0</sys_mod_count>
            <sys_ui_formatter/>
            <sys_ui_section caption="NULL" display_value="" name="x_snc_itom_ci_dockerhub_repositories" sys_domain="global" view="Default view">aaaa8f5b13fb1200913abcc32244b08e</sys_ui_section>
            <sys_updated_by>reuben.stump</sys_updated_by>
            <sys_updated_on>2016-06-09 16:41:33</sys_updated_on>
            <sys_user/>
            <type/>
        </sys_ui_element>
        <sys_ui_element action="INSERT_OR_UPDATE">
            <element>full_description</element>
            <position>6</position>
            <sys_created_by>reuben.stump</sys_created_by>
            <sys_created_on>2016-06-09 16:41:33</sys_created_on>
            <sys_id>66aa8f5b13fb1200913abcc32244b090</sys_id>
            <sys_mod_count>0</sys_mod_count>
            <sys_ui_formatter/>
            <sys_ui_section caption="NULL" display_value="" name="x_snc_itom_ci_dockerhub_repositories" sys_domain="global" view="Default view">aaaa8f5b13fb1200913abcc32244b08e</sys_ui_section>
            <sys_updated_by>reuben.stump</sys_updated_by>
            <sys_updated_on>2016-06-09 16:41:33</sys_updated_on>
            <sys_user/>
            <type/>
        </sys_ui_element>
        <sys_ui_element action="INSERT_OR_UPDATE">
            <element>.begin_split</element>
            <position>7</position>
            <sys_created_by>reuben.stump</sys_created_by>
            <sys_created_on>2016-06-09 16:41:33</sys_created_on>
            <sys_id>e6aa8f5b13fb1200913abcc32244b090</sys_id>
            <sys_mod_count>0</sys_mod_count>
            <sys_ui_formatter/>
            <sys_ui_section caption="NULL" display_value="" name="x_snc_itom_ci_dockerhub_repositories" sys_domain="global" view="Default view">aaaa8f5b13fb1200913abcc32244b08e</sys_ui_section>
            <sys_updated_by>reuben.stump</sys_updated_by>
            <sys_updated_on>2016-06-09 16:41:33</sys_updated_on>
            <sys_user/>
            <type>.begin_split</type>
        </sys_ui_element>
        <sys_ui_element action="INSERT_OR_UPDATE">
            <element>is_official</element>
            <position>8</position>
            <sys_created_by>reuben.stump</sys_created_by>
            <sys_created_on>2016-06-09 16:41:33</sys_created_on>
            <sys_id>6aaa8f5b13fb1200913abcc32244b090</sys_id>
            <sys_mod_count>0</sys_mod_count>
            <sys_ui_formatter/>
            <sys_ui_section caption="NULL" display_value="" name="x_snc_itom_ci_dockerhub_repositories" sys_domain="global" view="Default view">aaaa8f5b13fb1200913abcc32244b08e</sys_ui_section>
            <sys_updated_by>reuben.stump</sys_updated_by>
            <sys_updated_on>2016-06-09 16:41:33</sys_updated_on>
            <sys_user/>
            <type/>
        </sys_ui_element>
        <sys_ui_element action="INSERT_OR_UPDATE">
            <element>is_private</element>
            <position>9</position>
            <sys_created_by>reuben.stump</sys_created_by>
            <sys_created_on>2016-06-09 16:41:33</sys_created_on>
            <sys_id>eaaa8f5b13fb1200913abcc32244b090</sys_id>
            <sys_mod_count>0</sys_mod_count>
            <sys_ui_formatter/>
            <sys_ui_section caption="NULL" display_value="" name="x_snc_itom_ci_dockerhub_repositories" sys_domain="global" view="Default view">aaaa8f5b13fb1200913abcc32244b08e</sys_ui_section>
            <sys_updated_by>reuben.stump</sys_updated_by>
            <sys_updated_on>2016-06-09 16:41:33</sys_updated_on>
            <sys_user/>
            <type/>
        </sys_ui_element>
        <sys_ui_element action="INSERT_OR_UPDATE">
            <element>.split</element>
            <position>10</position>
            <sys_created_by>reuben.stump</sys_created_by>
            <sys_created_on>2016-06-09 16:41:33</sys_created_on>
            <sys_id>6eaa8f5b13fb1200913abcc32244b090</sys_id>
            <sys_mod_count>0</sys_mod_count>
            <sys_ui_formatter/>
            <sys_ui_section caption="NULL" display_value="" name="x_snc_itom_ci_dockerhub_repositories" sys_domain="global" view="Default view">aaaa8f5b13fb1200913abcc32244b08e</sys_ui_section>
            <sys_updated_by>reuben.stump</sys_updated_by>
            <sys_updated_on>2016-06-09 16:41:33</sys_updated_on>
            <sys_user/>
            <type>.split</type>
        </sys_ui_element>
        <sys_ui_element action="INSERT_OR_UPDATE">
            <element>is_trusted</element>
            <position>11</position>
            <sys_created_by>reuben.stump</sys_created_by>
            <sys_created_on>2016-06-09 16:41:33</sys_created_on>
            <sys_id>eeaa8f5b13fb1200913abcc32244b090</sys_id>
            <sys_mod_count>0</sys_mod_count>
            <sys_ui_formatter/>
            <sys_ui_section caption="NULL" display_value="" name="x_snc_itom_ci_dockerhub_repositories" sys_domain="global" view="Default view">aaaa8f5b13fb1200913abcc32244b08e</sys_ui_section>
            <sys_updated_by>reuben.stump</sys_updated_by>
            <sys_updated_on>2016-06-09 16:41:33</sys_updated_on>
            <sys_user/>
            <type/>
        </sys_ui_element>
        <sys_ui_element action="INSERT_OR_UPDATE">
            <element>.end_split</element>
            <position>12</position>
            <sys_created_by>reuben.stump</sys_created_by>
            <sys_created_on>2016-06-09 16:41:33</sys_created_on>
            <sys_id>62aa8f5b13fb1200913abcc32244b091</sys_id>
            <sys_mod_count>0</sys_mod_count>
            <sys_ui_formatter/>
            <sys_ui_section caption="NULL" display_value="" name="x_snc_itom_ci_dockerhub_repositories" sys_domain="global" view="Default view">aaaa8f5b13fb1200913abcc32244b08e</sys_ui_section>
            <sys_updated_by>reuben.stump</sys_updated_by>
            <sys_updated_on>2016-06-09 16:41:33</sys_updated_on>
            <sys_user/>
            <type>.end_split</type>
        </sys_ui_element>
        <sys_ui_element action="INSERT_OR_UPDATE">
            <element>name</element>
            <position>13</position>
            <sys_created_by>reuben.stump</sys_created_by>
            <sys_created_on>2016-06-09 16:41:33</sys_created_on>
            <sys_id>e2aa8f5b13fb1200913abcc32244b091</sys_id>
            <sys_mod_count>0</sys_mod_count>
            <sys_ui_formatter/>
            <sys_ui_section caption="NULL" display_value="" name="x_snc_itom_ci_dockerhub_repositories" sys_domain="global" view="Default view">aaaa8f5b13fb1200913abcc32244b08e</sys_ui_section>
            <sys_updated_by>reuben.stump</sys_updated_by>
            <sys_updated_on>2016-06-09 16:41:33</sys_updated_on>
            <sys_user/>
            <type/>
        </sys_ui_element>
        <sys_ui_element action="INSERT_OR_UPDATE">
            <element>namespace</element>
            <position>14</position>
            <sys_created_by>reuben.stump</sys_created_by>
            <sys_created_on>2016-06-09 16:41:33</sys_created_on>
            <sys_id>66aa8f5b13fb1200913abcc32244b091</sys_id>
            <sys_mod_count>0</sys_mod_count>
            <sys_ui_formatter/>
            <sys_ui_section caption="NULL" display_value="" name="x_snc_itom_ci_dockerhub_repositories" sys_domain="global" view="Default view">aaaa8f5b13fb1200913abcc32244b08e</sys_ui_section>
            <sys_updated_by>reuben.stump</sys_updated_by>
            <sys_updated_on>2016-06-09 16:41:33</sys_updated_on>
            <sys_user/>
            <type/>
        </sys_ui_element>
        <sys_ui_element action="INSERT_OR_UPDATE">
            <element>owner</element>
            <position>15</position>
            <sys_created_by>reuben.stump</sys_created_by>
            <sys_created_on>2016-06-09 16:41:33</sys_created_on>
            <sys_id>e6aa8f5b13fb1200913abcc32244b091</sys_id>
            <sys_mod_count>0</sys_mod_count>
            <sys_ui_formatter/>
            <sys_ui_section caption="NULL" display_value="" name="x_snc_itom_ci_dockerhub_repositories" sys_domain="global" view="Default view">aaaa8f5b13fb1200913abcc32244b08e</sys_ui_section>
            <sys_updated_by>reuben.stump</sys_updated_by>
            <sys_updated_on>2016-06-09 16:41:33</sys_updated_on>
            <sys_user/>
            <type/>
        </sys_ui_element>
        <sys_ui_element action="INSERT_OR_UPDATE">
            <element>repo_name</element>
            <position>16</position>
            <sys_created_by>reuben.stump</sys_created_by>
            <sys_created_on>2016-06-09 16:41:33</sys_created_on>
            <sys_id>6aaa8f5b13fb1200913abcc32244b091</sys_id>
            <sys_mod_count>0</sys_mod_count>
            <sys_ui_formatter/>
            <sys_ui_section caption="NULL" display_value="" name="x_snc_itom_ci_dockerhub_repositories" sys_domain="global" view="Default view">aaaa8f5b13fb1200913abcc32244b08e</sys_ui_section>
            <sys_updated_by>reuben.stump</sys_updated_by>
            <sys_updated_on>2016-06-09 16:41:33</sys_updated_on>
            <sys_user/>
            <type/>
        </sys_ui_element>
        <sys_ui_element action="INSERT_OR_UPDATE">
            <element>repo_url</element>
            <position>17</position>
            <sys_created_by>reuben.stump</sys_created_by>
            <sys_created_on>2016-06-09 16:41:33</sys_created_on>
            <sys_id>eaaa8f5b13fb1200913abcc32244b091</sys_id>
            <sys_mod_count>0</sys_mod_count>
            <sys_ui_formatter/>
            <sys_ui_section caption="NULL" display_value="" name="x_snc_itom_ci_dockerhub_repositories" sys_domain="global" view="Default view">aaaa8f5b13fb1200913abcc32244b08e</sys_ui_section>
            <sys_updated_by>reuben.stump</sys_updated_by>
            <sys_updated_on>2016-06-09 16:41:33</sys_updated_on>
            <sys_user/>
            <type/>
        </sys_ui_element>
        <sys_ui_element action="INSERT_OR_UPDATE">
            <element>star_count</element>
            <position>18</position>
            <sys_created_by>reuben.stump</sys_created_by>
            <sys_created_on>2016-06-09 16:41:33</sys_created_on>
            <sys_id>6eaa8f5b13fb1200913abcc32244b091</sys_id>
            <sys_mod_count>0</sys_mod_count>
            <sys_ui_formatter/>
            <sys_ui_section caption="NULL" display_value="" name="x_snc_itom_ci_dockerhub_repositories" sys_domain="global" view="Default view">aaaa8f5b13fb1200913abcc32244b08e</sys_ui_section>
            <sys_updated_by>reuben.stump</sys_updated_by>
            <sys_updated_on>2016-06-09 16:41:33</sys_updated_on>
            <sys_user/>
            <type/>
        </sys_ui_element>
        <sys_ui_element action="INSERT_OR_UPDATE">
            <element>status</element>
            <position>19</position>
            <sys_created_by>reuben.stump</sys_created_by>
            <sys_created_on>2016-06-09 16:41:33</sys_created_on>
            <sys_id>eeaa8f5b13fb1200913abcc32244b091</sys_id>
            <sys_mod_count>0</sys_mod_count>
            <sys_ui_formatter/>
            <sys_ui_section caption="NULL" display_value="" name="x_snc_itom_ci_dockerhub_repositories" sys_domain="global" view="Default view">aaaa8f5b13fb1200913abcc32244b08e</sys_ui_section>
            <sys_updated_by>reuben.stump</sys_updated_by>
            <sys_updated_on>2016-06-09 16:41:33</sys_updated_on>
            <sys_user/>
            <type/>
        </sys_ui_element>
        <sys_ui_section action="INSERT_OR_UPDATE">
            <caption/>
            <header>false</header>
            <name>x_snc_itom_ci_dockerhub_repositories</name>
            <roles/>
            <sys_class_name>sys_ui_section</sys_class_name>
            <sys_created_by>reuben.stump</sys_created_by>
            <sys_created_on>2016-06-09 16:41:33</sys_created_on>
            <sys_customer_update>false</sys_customer_update>
            <sys_domain>global</sys_domain>
            <sys_domain_path>/</sys_domain_path>
            <sys_id>aaaa8f5b13fb1200913abcc32244b08e</sys_id>
            <sys_mod_count>1</sys_mod_count>
            <sys_name>x_snc_itom_ci_dockerhub_repositories</sys_name>
            <sys_overrides/>
            <sys_package display_value="Continuous Integration" source="x_snc_itom_ci">741820034f671600298deed18110c701</sys_package>
            <sys_policy/>
            <sys_replace_on_upgrade>false</sys_replace_on_upgrade>
            <sys_scope display_value="Continuous Integration">741820034f671600298deed18110c701</sys_scope>
            <sys_update_name>sys_ui_section_aaaa8f5b13fb1200913abcc32244b08e</sys_update_name>
            <sys_updated_by>shaun.millin</sys_updated_by>
            <sys_updated_on>2016-06-23 15:38:39</sys_updated_on>
            <sys_user/>
            <title>true</title>
            <view display_value="Default view" name="NULL">Default view</view>
            <view_name/>
        </sys_ui_section>
    </sys_ui_section>
</record_update>
