<?xml version="1.0" encoding="UTF-8"?>
<record_update>
    <sys_ui_list parent="" relationship="" sys_domain="global" table="x_snc_itom_ci_jenkins_builds" version="2" view="RPT0493177a4f04a200298deed18110c72e">
        <sys_ui_list_element action="INSERT_OR_UPDATE">
            <average_value>false</average_value>
            <element>display_name</element>
            <list_id display_value="x_snc_itom_ci_jenkins_builds" element="NULL" name="x_snc_itom_ci_jenkins_builds" parent="NULL" relationship="NULL" sys_domain="global" view="8893177a4f04a200298deed18110c72e">cc93177a4f04a200298deed18110c72e</list_id>
            <max_value>false</max_value>
            <min_value>false</min_value>
            <position>0</position>
            <sum>false</sum>
            <sys_created_by>shaun.millin</sys_created_by>
            <sys_created_on>2016-06-20 14:19:10</sys_created_on>
            <sys_id>c093177a4f04a200298deed18110c72f</sys_id>
            <sys_mod_count>0</sys_mod_count>
            <sys_updated_by>shaun.millin</sys_updated_by>
            <sys_updated_on>2016-06-20 14:19:10</sys_updated_on>
        </sys_ui_list_element>
        <sys_ui_list_element action="INSERT_OR_UPDATE">
            <average_value>false</average_value>
            <element>result</element>
            <list_id display_value="x_snc_itom_ci_jenkins_builds" element="NULL" name="x_snc_itom_ci_jenkins_builds" parent="NULL" relationship="NULL" sys_domain="global" view="8893177a4f04a200298deed18110c72e">cc93177a4f04a200298deed18110c72e</list_id>
            <max_value>false</max_value>
            <min_value>false</min_value>
            <position>1</position>
            <sum>false</sum>
            <sys_created_by>shaun.millin</sys_created_by>
            <sys_created_on>2016-06-20 14:19:10</sys_created_on>
            <sys_id>4493177a4f04a200298deed18110c72f</sys_id>
            <sys_mod_count>0</sys_mod_count>
            <sys_updated_by>shaun.millin</sys_updated_by>
            <sys_updated_on>2016-06-20 14:19:10</sys_updated_on>
        </sys_ui_list_element>
        <sys_ui_list_element action="INSERT_OR_UPDATE">
            <average_value>false</average_value>
            <element>sys_created_on</element>
            <list_id display_value="x_snc_itom_ci_jenkins_builds" element="NULL" name="x_snc_itom_ci_jenkins_builds" parent="NULL" relationship="NULL" sys_domain="global" view="8893177a4f04a200298deed18110c72e">cc93177a4f04a200298deed18110c72e</list_id>
            <max_value>false</max_value>
            <min_value>false</min_value>
            <position>2</position>
            <sum>false</sum>
            <sys_created_by>shaun.millin</sys_created_by>
            <sys_created_on>2016-06-20 14:19:10</sys_created_on>
            <sys_id>c493177a4f04a200298deed18110c72f</sys_id>
            <sys_mod_count>0</sys_mod_count>
            <sys_updated_by>shaun.millin</sys_updated_by>
            <sys_updated_on>2016-06-20 14:19:10</sys_updated_on>
        </sys_ui_list_element>
        <sys_ui_list action="INSERT_OR_UPDATE">
            <average_value>false</average_value>
            <element/>
            <max_value>false</max_value>
            <min_value>false</min_value>
            <name>x_snc_itom_ci_jenkins_builds</name>
            <parent/>
            <position/>
            <relationship/>
            <sum>false</sum>
            <sys_class_name>sys_ui_list</sys_class_name>
            <sys_created_by>shaun.millin</sys_created_by>
            <sys_created_on>2016-06-20 14:19:10</sys_created_on>
            <sys_customer_update>false</sys_customer_update>
            <sys_domain>global</sys_domain>
            <sys_domain_path>/</sys_domain_path>
            <sys_id>cc93177a4f04a200298deed18110c72e</sys_id>
            <sys_mod_count>1</sys_mod_count>
            <sys_name>x_snc_itom_ci_jenkins_builds</sys_name>
            <sys_package display_value="Continuous Integration" source="x_snc_itom_ci">741820034f671600298deed18110c701</sys_package>
            <sys_policy/>
            <sys_replace_on_upgrade>false</sys_replace_on_upgrade>
            <sys_scope display_value="Continuous Integration">741820034f671600298deed18110c701</sys_scope>
            <sys_update_name>sys_ui_list_x_snc_itom_ci_jenkins_builds_RPT0493177a4f04a200298deed18110c72e</sys_update_name>
            <sys_updated_by>shaun.millin</sys_updated_by>
            <sys_updated_on>2016-06-23 15:38:41</sys_updated_on>
            <sys_user/>
            <view display_value="Rpt0493177a4f04a200298deed18110c72e" name="RPT0493177a4f04a200298deed18110c72e">8893177a4f04a200298deed18110c72e</view>
            <view_name/>
        </sys_ui_list>
    </sys_ui_list>
</record_update>
