<?xml version="1.0" encoding="UTF-8"?>
<record_update table="sys_scope_privilege">
    <sys_scope_privilege action="INSERT_OR_UPDATE">
        <operation>execute</operation>
        <source_scope display_value="Continuous Integration">741820034f671600298deed18110c701</source_scope>
        <status>allowed</status>
        <sys_class_name>sys_scope_privilege</sys_class_name>
        <sys_created_by>guest</sys_created_by>
        <sys_created_on>2016-06-06 16:28:37</sys_created_on>
        <sys_customer_update>false</sys_customer_update>
        <sys_id>4cfa2b5613b35a00913abcc32244b05d</sys_id>
        <sys_mod_count>0</sys_mod_count>
        <sys_name>RESTResponseV2</sys_name>
        <sys_package display_value="Continuous Integration" source="x_snc_itom_ci">741820034f671600298deed18110c701</sys_package>
        <sys_policy/>
        <sys_replace_on_upgrade>false</sys_replace_on_upgrade>
        <sys_scope display_value="Continuous Integration">741820034f671600298deed18110c701</sys_scope>
        <sys_update_name>sys_scope_privilege_4cfa2b5613b35a00913abcc32244b05d</sys_update_name>
        <sys_updated_by>guest</sys_updated_by>
        <sys_updated_on>2016-06-06 16:28:37</sys_updated_on>
        <target_name>RESTResponseV2</target_name>
        <target_scope display_value="Global">global</target_scope>
        <target_type>scriptable</target_type>
    </sys_scope_privilege>
</record_update>
