<?xml version="1.0" encoding="UTF-8"?>
<record_update>
    <sys_ui_list parent="" relationship="" sys_domain="global" table="x_snc_itom_ci_github_commits" version="2" view="">
        <sys_ui_list_element action="INSERT_OR_UPDATE">
            <average_value>false</average_value>
            <element>branch</element>
            <list_id display_value="x_snc_itom_ci_github_commits" element="NULL" name="x_snc_itom_ci_github_commits" parent="NULL" relationship="NULL" sys_domain="global" view="Default view">bbdbbabf4f84e200298deed18110c720</list_id>
            <max_value>false</max_value>
            <min_value>false</min_value>
            <position>0</position>
            <sum>false</sum>
            <sys_created_by>reuben.stump</sys_created_by>
            <sys_created_on>2016-06-22 19:59:35</sys_created_on>
            <sys_id>d2a476ef1388e200913abcc32244b0e9</sys_id>
            <sys_mod_count>0</sys_mod_count>
            <sys_updated_by>reuben.stump</sys_updated_by>
            <sys_updated_on>2016-06-22 19:59:35</sys_updated_on>
        </sys_ui_list_element>
        <sys_ui_list_element action="INSERT_OR_UPDATE">
            <average_value>false</average_value>
            <element>author_email</element>
            <list_id display_value="x_snc_itom_ci_github_commits" element="NULL" name="x_snc_itom_ci_github_commits" parent="NULL" relationship="NULL" sys_domain="global" view="Default view">bbdbbabf4f84e200298deed18110c720</list_id>
            <max_value>false</max_value>
            <min_value>false</min_value>
            <position>0</position>
            <sum>false</sum>
            <sys_created_by>reuben.stump</sys_created_by>
            <sys_created_on>2016-06-06 18:19:12</sys_created_on>
            <sys_id>3b340cae4fb31a00298deed18110c755</sys_id>
            <sys_mod_count>1</sys_mod_count>
            <sys_updated_by>system</sys_updated_by>
            <sys_updated_on>2016-06-24 21:40:36</sys_updated_on>
        </sys_ui_list_element>
        <sys_ui_list_element action="INSERT_OR_UPDATE">
            <average_value>false</average_value>
            <element>change_additions</element>
            <list_id display_value="x_snc_itom_ci_github_commits" element="NULL" name="x_snc_itom_ci_github_commits" parent="NULL" relationship="NULL" sys_domain="global" view="Default view">bbdbbabf4f84e200298deed18110c720</list_id>
            <max_value>false</max_value>
            <min_value>false</min_value>
            <position>1</position>
            <sum>false</sum>
            <sys_created_by>reuben.stump</sys_created_by>
            <sys_created_on>2016-06-22 19:59:35</sys_created_on>
            <sys_id>56a476ef1388e200913abcc32244b0e9</sys_id>
            <sys_mod_count>0</sys_mod_count>
            <sys_updated_by>reuben.stump</sys_updated_by>
            <sys_updated_on>2016-06-22 19:59:35</sys_updated_on>
        </sys_ui_list_element>
        <sys_ui_list_element action="INSERT_OR_UPDATE">
            <average_value>false</average_value>
            <element>author_name</element>
            <list_id display_value="x_snc_itom_ci_github_commits" element="NULL" name="x_snc_itom_ci_github_commits" parent="NULL" relationship="NULL" sys_domain="global" view="Default view">bbdbbabf4f84e200298deed18110c720</list_id>
            <max_value>false</max_value>
            <min_value>false</min_value>
            <position>1</position>
            <sum>false</sum>
            <sys_created_by>reuben.stump</sys_created_by>
            <sys_created_on>2016-06-06 18:19:12</sys_created_on>
            <sys_id>bb340cae4fb31a00298deed18110c755</sys_id>
            <sys_mod_count>1</sys_mod_count>
            <sys_updated_by>system</sys_updated_by>
            <sys_updated_on>2016-06-24 21:40:36</sys_updated_on>
        </sys_ui_list_element>
        <sys_ui_list_element action="INSERT_OR_UPDATE">
            <average_value>false</average_value>
            <element>branch</element>
            <list_id display_value="x_snc_itom_ci_github_commits" element="NULL" name="x_snc_itom_ci_github_commits" parent="NULL" relationship="NULL" sys_domain="global" view="Default view">bbdbbabf4f84e200298deed18110c720</list_id>
            <max_value>false</max_value>
            <min_value>false</min_value>
            <position>2</position>
            <sum>false</sum>
            <sys_created_by>reuben.stump</sys_created_by>
            <sys_created_on>2016-06-06 18:19:12</sys_created_on>
            <sys_id>3f340cae4fb31a00298deed18110c755</sys_id>
            <sys_mod_count>1</sys_mod_count>
            <sys_updated_by>system</sys_updated_by>
            <sys_updated_on>2016-06-24 21:40:36</sys_updated_on>
        </sys_ui_list_element>
        <sys_ui_list_element action="INSERT_OR_UPDATE">
            <average_value>false</average_value>
            <element>change_deletions</element>
            <list_id display_value="x_snc_itom_ci_github_commits" element="NULL" name="x_snc_itom_ci_github_commits" parent="NULL" relationship="NULL" sys_domain="global" view="Default view">bbdbbabf4f84e200298deed18110c720</list_id>
            <max_value>false</max_value>
            <min_value>false</min_value>
            <position>2</position>
            <sum>false</sum>
            <sys_created_by>reuben.stump</sys_created_by>
            <sys_created_on>2016-06-22 19:59:35</sys_created_on>
            <sys_id>d6a476ef1388e200913abcc32244b0e9</sys_id>
            <sys_mod_count>0</sys_mod_count>
            <sys_updated_by>reuben.stump</sys_updated_by>
            <sys_updated_on>2016-06-22 19:59:35</sys_updated_on>
        </sys_ui_list_element>
        <sys_ui_list_element action="INSERT_OR_UPDATE">
            <average_value>false</average_value>
            <element>change_additions</element>
            <list_id display_value="x_snc_itom_ci_github_commits" element="NULL" name="x_snc_itom_ci_github_commits" parent="NULL" relationship="NULL" sys_domain="global" view="Default view">bbdbbabf4f84e200298deed18110c720</list_id>
            <max_value>false</max_value>
            <min_value>false</min_value>
            <position>3</position>
            <sum>false</sum>
            <sys_created_by>reuben.stump</sys_created_by>
            <sys_created_on>2016-06-06 18:19:12</sys_created_on>
            <sys_id>bf340cae4fb31a00298deed18110c755</sys_id>
            <sys_mod_count>1</sys_mod_count>
            <sys_updated_by>system</sys_updated_by>
            <sys_updated_on>2016-06-24 21:40:36</sys_updated_on>
        </sys_ui_list_element>
        <sys_ui_list_element action="INSERT_OR_UPDATE">
            <average_value>false</average_value>
            <element>commit_date</element>
            <list_id display_value="x_snc_itom_ci_github_commits" element="NULL" name="x_snc_itom_ci_github_commits" parent="NULL" relationship="NULL" sys_domain="global" view="Default view">bbdbbabf4f84e200298deed18110c720</list_id>
            <max_value>false</max_value>
            <min_value>false</min_value>
            <position>3</position>
            <sum>false</sum>
            <sys_created_by>reuben.stump</sys_created_by>
            <sys_created_on>2016-06-22 19:59:35</sys_created_on>
            <sys_id>5aa476ef1388e200913abcc32244b0e9</sys_id>
            <sys_mod_count>0</sys_mod_count>
            <sys_updated_by>reuben.stump</sys_updated_by>
            <sys_updated_on>2016-06-22 19:59:35</sys_updated_on>
        </sys_ui_list_element>
        <sys_ui_list_element action="INSERT_OR_UPDATE">
            <average_value>false</average_value>
            <element>commiter</element>
            <list_id display_value="x_snc_itom_ci_github_commits" element="NULL" name="x_snc_itom_ci_github_commits" parent="NULL" relationship="NULL" sys_domain="global" view="Default view">bbdbbabf4f84e200298deed18110c720</list_id>
            <max_value>false</max_value>
            <min_value>false</min_value>
            <position>4</position>
            <sum>false</sum>
            <sys_created_by>reuben.stump</sys_created_by>
            <sys_created_on>2016-06-22 19:59:35</sys_created_on>
            <sys_id>daa476ef1388e200913abcc32244b0e9</sys_id>
            <sys_mod_count>0</sys_mod_count>
            <sys_updated_by>reuben.stump</sys_updated_by>
            <sys_updated_on>2016-06-22 19:59:35</sys_updated_on>
        </sys_ui_list_element>
        <sys_ui_list_element action="INSERT_OR_UPDATE">
            <average_value>false</average_value>
            <element>change_deletions</element>
            <list_id display_value="x_snc_itom_ci_github_commits" element="NULL" name="x_snc_itom_ci_github_commits" parent="NULL" relationship="NULL" sys_domain="global" view="Default view">bbdbbabf4f84e200298deed18110c720</list_id>
            <max_value>false</max_value>
            <min_value>false</min_value>
            <position>4</position>
            <sum>false</sum>
            <sys_created_by>reuben.stump</sys_created_by>
            <sys_created_on>2016-06-06 18:19:12</sys_created_on>
            <sys_id>33340cae4fb31a00298deed18110c756</sys_id>
            <sys_mod_count>1</sys_mod_count>
            <sys_updated_by>system</sys_updated_by>
            <sys_updated_on>2016-06-24 21:40:36</sys_updated_on>
        </sys_ui_list_element>
        <sys_ui_list_element action="INSERT_OR_UPDATE">
            <average_value>false</average_value>
            <element>commit_date</element>
            <list_id display_value="x_snc_itom_ci_github_commits" element="NULL" name="x_snc_itom_ci_github_commits" parent="NULL" relationship="NULL" sys_domain="global" view="Default view">bbdbbabf4f84e200298deed18110c720</list_id>
            <max_value>false</max_value>
            <min_value>false</min_value>
            <position>5</position>
            <sum>false</sum>
            <sys_created_by>reuben.stump</sys_created_by>
            <sys_created_on>2016-06-06 18:19:12</sys_created_on>
            <sys_id>b3340cae4fb31a00298deed18110c756</sys_id>
            <sys_mod_count>1</sys_mod_count>
            <sys_updated_by>system</sys_updated_by>
            <sys_updated_on>2016-06-24 21:40:36</sys_updated_on>
        </sys_ui_list_element>
        <sys_ui_list_element action="INSERT_OR_UPDATE">
            <average_value>false</average_value>
            <element>commiter_email</element>
            <list_id display_value="x_snc_itom_ci_github_commits" element="NULL" name="x_snc_itom_ci_github_commits" parent="NULL" relationship="NULL" sys_domain="global" view="Default view">bbdbbabf4f84e200298deed18110c720</list_id>
            <max_value>false</max_value>
            <min_value>false</min_value>
            <position>5</position>
            <sum>false</sum>
            <sys_created_by>reuben.stump</sys_created_by>
            <sys_created_on>2016-06-22 19:59:35</sys_created_on>
            <sys_id>5ea476ef1388e200913abcc32244b0e9</sys_id>
            <sys_mod_count>0</sys_mod_count>
            <sys_updated_by>reuben.stump</sys_updated_by>
            <sys_updated_on>2016-06-22 19:59:35</sys_updated_on>
        </sys_ui_list_element>
        <sys_ui_list_element action="INSERT_OR_UPDATE">
            <average_value>false</average_value>
            <element>commiter</element>
            <list_id display_value="x_snc_itom_ci_github_commits" element="NULL" name="x_snc_itom_ci_github_commits" parent="NULL" relationship="NULL" sys_domain="global" view="Default view">bbdbbabf4f84e200298deed18110c720</list_id>
            <max_value>false</max_value>
            <min_value>false</min_value>
            <position>6</position>
            <sum>false</sum>
            <sys_created_by>reuben.stump</sys_created_by>
            <sys_created_on>2016-06-06 18:19:12</sys_created_on>
            <sys_id>37340cae4fb31a00298deed18110c756</sys_id>
            <sys_mod_count>1</sys_mod_count>
            <sys_updated_by>system</sys_updated_by>
            <sys_updated_on>2016-06-24 21:40:36</sys_updated_on>
        </sys_ui_list_element>
        <sys_ui_list_element action="INSERT_OR_UPDATE">
            <average_value>false</average_value>
            <element>message</element>
            <list_id display_value="x_snc_itom_ci_github_commits" element="NULL" name="x_snc_itom_ci_github_commits" parent="NULL" relationship="NULL" sys_domain="global" view="Default view">bbdbbabf4f84e200298deed18110c720</list_id>
            <max_value>false</max_value>
            <min_value>false</min_value>
            <position>6</position>
            <sum>false</sum>
            <sys_created_by>reuben.stump</sys_created_by>
            <sys_created_on>2016-06-22 19:59:35</sys_created_on>
            <sys_id>dea476ef1388e200913abcc32244b0e9</sys_id>
            <sys_mod_count>0</sys_mod_count>
            <sys_updated_by>reuben.stump</sys_updated_by>
            <sys_updated_on>2016-06-22 19:59:35</sys_updated_on>
        </sys_ui_list_element>
        <sys_ui_list_element action="INSERT_OR_UPDATE">
            <average_value>false</average_value>
            <element>commiter_email</element>
            <list_id display_value="x_snc_itom_ci_github_commits" element="NULL" name="x_snc_itom_ci_github_commits" parent="NULL" relationship="NULL" sys_domain="global" view="Default view">bbdbbabf4f84e200298deed18110c720</list_id>
            <max_value>false</max_value>
            <min_value>false</min_value>
            <position>7</position>
            <sum>false</sum>
            <sys_created_by>reuben.stump</sys_created_by>
            <sys_created_on>2016-06-06 18:19:12</sys_created_on>
            <sys_id>b7340cae4fb31a00298deed18110c756</sys_id>
            <sys_mod_count>1</sys_mod_count>
            <sys_updated_by>system</sys_updated_by>
            <sys_updated_on>2016-06-24 21:40:36</sys_updated_on>
        </sys_ui_list_element>
        <sys_ui_list_element action="INSERT_OR_UPDATE">
            <average_value>false</average_value>
            <element>repository</element>
            <list_id display_value="x_snc_itom_ci_github_commits" element="NULL" name="x_snc_itom_ci_github_commits" parent="NULL" relationship="NULL" sys_domain="global" view="Default view">bbdbbabf4f84e200298deed18110c720</list_id>
            <max_value>false</max_value>
            <min_value>false</min_value>
            <position>7</position>
            <sum>false</sum>
            <sys_created_by>reuben.stump</sys_created_by>
            <sys_created_on>2016-06-22 19:59:35</sys_created_on>
            <sys_id>52a476ef1388e200913abcc32244b0ea</sys_id>
            <sys_mod_count>0</sys_mod_count>
            <sys_updated_by>reuben.stump</sys_updated_by>
            <sys_updated_on>2016-06-22 19:59:35</sys_updated_on>
        </sys_ui_list_element>
        <sys_ui_list_element action="INSERT_OR_UPDATE">
            <average_value>false</average_value>
            <element>sha</element>
            <list_id display_value="x_snc_itom_ci_github_commits" element="NULL" name="x_snc_itom_ci_github_commits" parent="NULL" relationship="NULL" sys_domain="global" view="Default view">bbdbbabf4f84e200298deed18110c720</list_id>
            <max_value>false</max_value>
            <min_value>false</min_value>
            <position>8</position>
            <sum>false</sum>
            <sys_created_by>reuben.stump</sys_created_by>
            <sys_created_on>2016-06-22 19:59:35</sys_created_on>
            <sys_id>d2a476ef1388e200913abcc32244b0ea</sys_id>
            <sys_mod_count>0</sys_mod_count>
            <sys_updated_by>reuben.stump</sys_updated_by>
            <sys_updated_on>2016-06-22 19:59:35</sys_updated_on>
        </sys_ui_list_element>
        <sys_ui_list_element action="INSERT_OR_UPDATE">
            <average_value>false</average_value>
            <element>message</element>
            <list_id display_value="x_snc_itom_ci_github_commits" element="NULL" name="x_snc_itom_ci_github_commits" parent="NULL" relationship="NULL" sys_domain="global" view="Default view">bbdbbabf4f84e200298deed18110c720</list_id>
            <max_value>false</max_value>
            <min_value>false</min_value>
            <position>8</position>
            <sum>false</sum>
            <sys_created_by>reuben.stump</sys_created_by>
            <sys_created_on>2016-06-06 18:19:12</sys_created_on>
            <sys_id>3b340cae4fb31a00298deed18110c756</sys_id>
            <sys_mod_count>1</sys_mod_count>
            <sys_updated_by>system</sys_updated_by>
            <sys_updated_on>2016-06-24 21:40:36</sys_updated_on>
        </sys_ui_list_element>
        <sys_ui_list_element action="INSERT_OR_UPDATE">
            <average_value>false</average_value>
            <element>repository</element>
            <list_id display_value="x_snc_itom_ci_github_commits" element="NULL" name="x_snc_itom_ci_github_commits" parent="NULL" relationship="NULL" sys_domain="global" view="Default view">bbdbbabf4f84e200298deed18110c720</list_id>
            <max_value>false</max_value>
            <min_value>false</min_value>
            <position>9</position>
            <sum>false</sum>
            <sys_created_by>reuben.stump</sys_created_by>
            <sys_created_on>2016-06-06 18:19:12</sys_created_on>
            <sys_id>bb340cae4fb31a00298deed18110c756</sys_id>
            <sys_mod_count>1</sys_mod_count>
            <sys_updated_by>system</sys_updated_by>
            <sys_updated_on>2016-06-24 21:40:36</sys_updated_on>
        </sys_ui_list_element>
        <sys_ui_list_element action="INSERT_OR_UPDATE">
            <average_value>false</average_value>
            <element>total_changes</element>
            <list_id display_value="x_snc_itom_ci_github_commits" element="NULL" name="x_snc_itom_ci_github_commits" parent="NULL" relationship="NULL" sys_domain="global" view="Default view">bbdbbabf4f84e200298deed18110c720</list_id>
            <max_value>false</max_value>
            <min_value>false</min_value>
            <position>9</position>
            <sum>false</sum>
            <sys_created_by>reuben.stump</sys_created_by>
            <sys_created_on>2016-06-22 19:59:35</sys_created_on>
            <sys_id>56a476ef1388e200913abcc32244b0ea</sys_id>
            <sys_mod_count>0</sys_mod_count>
            <sys_updated_by>reuben.stump</sys_updated_by>
            <sys_updated_on>2016-06-22 19:59:35</sys_updated_on>
        </sys_ui_list_element>
        <sys_ui_list action="INSERT_OR_UPDATE">
            <average_value>false</average_value>
            <element/>
            <max_value>false</max_value>
            <min_value>false</min_value>
            <name>x_snc_itom_ci_github_commits</name>
            <parent/>
            <position/>
            <relationship/>
            <sum>false</sum>
            <sys_class_name>sys_ui_list</sys_class_name>
            <sys_created_by>reuben.stump</sys_created_by>
            <sys_created_on>2016-06-23 15:09:35</sys_created_on>
            <sys_customer_update>false</sys_customer_update>
            <sys_domain>global</sys_domain>
            <sys_domain_path>/</sys_domain_path>
            <sys_id>bbdbbabf4f84e200298deed18110c720</sys_id>
            <sys_mod_count>0</sys_mod_count>
            <sys_name>x_snc_itom_ci_github_commits</sys_name>
            <sys_package display_value="Continuous Integration" source="x_snc_itom_ci">741820034f671600298deed18110c701</sys_package>
            <sys_policy/>
            <sys_replace_on_upgrade>false</sys_replace_on_upgrade>
            <sys_scope display_value="Continuous Integration">741820034f671600298deed18110c701</sys_scope>
            <sys_update_name>sys_ui_list_x_snc_itom_ci_github_commits_null</sys_update_name>
            <sys_updated_by>reuben.stump</sys_updated_by>
            <sys_updated_on>2016-06-23 15:09:35</sys_updated_on>
            <sys_user/>
            <view display_value="Default view" name="NULL">Default view</view>
            <view_name/>
        </sys_ui_list>
    </sys_ui_list>
</record_update>
