<?xml version="1.0" encoding="UTF-8"?>
<record_update>
    <sys_ui_list parent="x_snc_itom_ci_dockerhub_repositories" relationship="" sys_domain="global" table="x_snc_itom_ci_dockerhub_images" version="2" view="">
        <sys_ui_list action="INSERT_OR_UPDATE">
            <average_value>false</average_value>
            <element/>
            <max_value>false</max_value>
            <min_value>false</min_value>
            <name>x_snc_itom_ci_dockerhub_images</name>
            <parent>x_snc_itom_ci_dockerhub_repositories</parent>
            <position/>
            <relationship/>
            <sum>false</sum>
            <sys_class_name>sys_ui_list</sys_class_name>
            <sys_created_by>reuben.stump</sys_created_by>
            <sys_created_on>2016-06-09 16:45:33</sys_created_on>
            <sys_customer_update>false</sys_customer_update>
            <sys_domain>global</sys_domain>
            <sys_domain_path>/</sys_domain_path>
            <sys_id>519bc79b13fb1200913abcc32244b0b1</sys_id>
            <sys_mod_count>1</sys_mod_count>
            <sys_name>x_snc_itom_ci_dockerhub_images</sys_name>
            <sys_package display_value="Continuous Integration" source="x_snc_itom_ci">741820034f671600298deed18110c701</sys_package>
            <sys_policy/>
            <sys_replace_on_upgrade>false</sys_replace_on_upgrade>
            <sys_scope display_value="Continuous Integration">741820034f671600298deed18110c701</sys_scope>
            <sys_update_name>sys_ui_list_x_snc_itom_ci_dockerhub_images_x_snc_itom_ci_dockerhub_repositories_null</sys_update_name>
            <sys_updated_by>shaun.millin</sys_updated_by>
            <sys_updated_on>2016-06-23 15:38:36</sys_updated_on>
            <sys_user display_value="Reuben Stump">b60c4b834f531200298deed18110c7c5</sys_user>
            <view display_value="Default view" name="NULL">Default view</view>
            <view_name/>
        </sys_ui_list>
    </sys_ui_list>
</record_update>
