<?xml version="1.0" encoding="UTF-8"?>
<record_update table="ua_table_licensing_config">
    <ua_table_licensing_config action="INSERT_OR_UPDATE">
        <is_fulfillment>false</is_fulfillment>
        <name>x_snc_itom_ci_github_commits</name>
        <owner_condition table="x_snc_itom_ci_github_commits">sys_created_by=javascript:gs.getUserName()^EQ<item endquery="false" field="sys_created_by" goto="false" newquery="false" operator="=" or="false" value="javascript:gs.getUserName()"/>
            <item endquery="true" field="" goto="false" newquery="false" operator="=" or="false" value=""/>
        </owner_condition>
        <sys_class_name>ua_table_licensing_config</sys_class_name>
        <sys_created_by>reuben.stump</sys_created_by>
        <sys_created_on>2016-06-03 14:47:22</sys_created_on>
        <sys_customer_update>false</sys_customer_update>
        <sys_id>bcded9dc13982600913abcc32244b026</sys_id>
        <sys_mod_count>0</sys_mod_count>
        <sys_name>x_snc_itom_ci_github_commits</sys_name>
        <sys_package display_value="Continuous Integration" source="x_snc_itom_ci">741820034f671600298deed18110c701</sys_package>
        <sys_policy/>
        <sys_replace_on_upgrade>false</sys_replace_on_upgrade>
        <sys_scope display_value="Continuous Integration">741820034f671600298deed18110c701</sys_scope>
        <sys_update_name>ua_table_licensing_config_bcded9dc13982600913abcc32244b026</sys_update_name>
        <sys_updated_by>reuben.stump</sys_updated_by>
        <sys_updated_on>2016-06-03 14:47:22</sys_updated_on>
    </ua_table_licensing_config>
</record_update>
