<?xml version="1.0" encoding="UTF-8"?>
<record_update table="var_dictionary">
    <var_dictionary action="INSERT_OR_UPDATE">
        <active>true</active>
        <array>false</array>
        <attributes/>
        <audit>false</audit>
        <calculation><![CDATA[(function calculatedFieldValue(current) {

	// Add your code here
	return '';  // return the calculated value

})(current);]]></calculation>
        <choice/>
        <choice_field/>
        <choice_table/>
        <column_label>scm_url</column_label>
        <comments/>
        <create_roles/>
        <default_value/>
        <defaultsort/>
        <delete_roles/>
        <dependent/>
        <dependent_on_field/>
        <display>false</display>
        <dynamic_creation>false</dynamic_creation>
        <dynamic_creation_script/>
        <dynamic_default_value/>
        <dynamic_ref_qual/>
        <element>u_scm_url</element>
        <element_reference>false</element_reference>
        <foreign_database/>
        <help/>
        <hint/>
        <internal_type/>
        <label>scm_url</label>
        <mandatory>false</mandatory>
        <max_length>256</max_length>
        <model_id>4dc6d79e13735a00913abcc32244b016</model_id>
        <model_table>wf_workflow</model_table>
        <name>var__m_4dc6d79e13735a00913abcc32244b016</name>
        <next_element/>
        <order>100</order>
        <primary>false</primary>
        <read_only>false</read_only>
        <read_roles/>
        <reference/>
        <reference_cascade_rule/>
        <reference_floats>false</reference_floats>
        <reference_key/>
        <reference_qual/>
        <reference_qual_condition/>
        <reference_type/>
        <sizeclass/>
        <spell_check>false</spell_check>
        <staged>false</staged>
        <sys_class_name>var_dictionary</sys_class_name>
        <sys_created_by>shaun.millin</sys_created_by>
        <sys_created_on>2016-06-06 15:45:03</sys_created_on>
        <sys_customer_update>false</sys_customer_update>
        <sys_id>2fe0679213b35a00913abcc32244b078</sys_id>
        <sys_mod_count>4</sys_mod_count>
        <sys_name>scm_url</sys_name>
        <sys_package display_value="Continuous Integration" source="x_snc_itom_ci">741820034f671600298deed18110c701</sys_package>
        <sys_policy/>
        <sys_replace_on_upgrade>false</sys_replace_on_upgrade>
        <sys_scope display_value="Continuous Integration">741820034f671600298deed18110c701</sys_scope>
        <sys_update_name>var_dictionary_2fe0679213b35a00913abcc32244b078</sys_update_name>
        <sys_updated_by>shaun.millin</sys_updated_by>
        <sys_updated_on>2016-06-06 16:16:14</sys_updated_on>
        <table_reference>false</table_reference>
        <text_index>false</text_index>
        <unique>false</unique>
        <use_dependent_field>false</use_dependent_field>
        <use_dynamic_default>false</use_dynamic_default>
        <use_reference_qualifier>simple</use_reference_qualifier>
        <virtual>false</virtual>
        <widget/>
        <write_roles/>
        <xml_view>false</xml_view>
    </var_dictionary>
</record_update>
