<?xml version="1.0" encoding="UTF-8"?>
<record_update table="wf_workflow_version">
    <wf_workflow_version action="INSERT_OR_UPDATE">
        <active>true</active>
        <activity_stages>{"ends":["5d00e11013d82600913abcc32244b08a"],"subflows":[],"stages":{},"activities":{}}</activity_stages>
        <after_business_rules>false</after_business_rules>
        <checked_out/>
        <checked_out_by/>
        <column_renderer display_value="Workflow-driven">a56213111b030100adca1e094f0713ac</column_renderer>
        <condition/>
        <condition_type>run_match</condition_type>
        <description/>
        <expected_sequences>d900a15013d82600913abcc32244b007,9900a15013d82600913abcc32244b008,d100e11013d82600913abcc32244b08c,9100a15013d82600913abcc32244b007,5100a15013d82600913abcc32244b008,d100a15013d82600913abcc32244b009,5100e11013d82600913abcc32244b08b,9900e11013d82600913abcc32244b08b,5d00e11013d82600913abcc32244b08a</expected_sequences>
        <expected_time>1970-01-01 14:00:00</expected_time>
        <expected_time_type/>
        <full_sequences>d900a15013d82600913abcc32244b007,9900a15013d82600913abcc32244b008,d100e11013d82600913abcc32244b08c,9100a15013d82600913abcc32244b007,5100a15013d82600913abcc32244b008,d100a15013d82600913abcc32244b009,5100e11013d82600913abcc32244b08b,9900e11013d82600913abcc32244b08b,5d00e11013d82600913abcc32244b08a</full_sequences>
        <journal/>
        <max_activity_count>100</max_activity_count>
        <name>CI Post Build WebHook</name>
        <not_cacheable>false</not_cacheable>
        <on_cancel><![CDATA[// This script executes if the workflow is cancelled.// The global variable context_sys_id contains the sys_id of the cancelled workflow context.]]></on_cancel>
        <order>100</order>
        <pin_type>set_by_activity</pin_type>
        <published>true</published>
        <relative_duration/>
        <requires_ert>true</requires_ert>
        <run_multiple>false</run_multiple>
        <schedule/>
        <stage_field/>
        <stage_order>computed</stage_order>
        <start display_value="Begin">d900a15013d82600913abcc32244b007</start>
        <sys_created_by>reuben.stump</sys_created_by>
        <sys_created_on>2016-06-24 21:45:14</sys_created_on>
        <sys_id>1500e11013d82600913abcc32244b08a</sys_id>
        <sys_mod_count>4</sys_mod_count>
        <sys_updated_by>guest</sys_updated_by>
        <sys_updated_on>2016-06-24 21:47:03</sys_updated_on>
        <table>global</table>
        <timezone/>
        <validated>true</validated>
        <workflow display_value="CI Post Build WebHook">4dc6d79e13735a00913abcc32244b016</workflow>
    </wf_workflow_version>
    <wf_workflow action="INSERT_OR_UPDATE">
        <access>public</access>
        <description/>
        <name>CI Post Build WebHook</name>
        <preview/>
        <sys_class_name>wf_workflow</sys_class_name>
        <sys_created_by>shaun.millin</sys_created_by>
        <sys_created_on>2016-06-06 15:00:29</sys_created_on>
        <sys_customer_update>false</sys_customer_update>
        <sys_domain>global</sys_domain>
        <sys_domain_path>/</sys_domain_path>
        <sys_id>4dc6d79e13735a00913abcc32244b016</sys_id>
        <sys_mod_count>0</sys_mod_count>
        <sys_name>CI Post Build WebHook</sys_name>
        <sys_overrides/>
        <sys_package display_value="Continuous Integration" source="x_snc_itom_ci">741820034f671600298deed18110c701</sys_package>
        <sys_policy/>
        <sys_replace_on_upgrade>false</sys_replace_on_upgrade>
        <sys_scope display_value="Continuous Integration">741820034f671600298deed18110c701</sys_scope>
        <sys_update_name>wf_workflow_4dc6d79e13735a00913abcc32244b016</sys_update_name>
        <sys_updated_by>shaun.millin</sys_updated_by>
        <sys_updated_on>2016-06-06 15:00:29</sys_updated_on>
        <table>global</table>
        <template>false</template>
        <vars/>
    </wf_workflow>
    <wf_activity action="INSERT_OR_UPDATE">
        <activity_definition display_value="Begin">c7a5e32c0a0a0b3a002377c24ed8ea76</activity_definition>
        <activity_definition_updated>false</activity_definition_updated>
        <databus_lookup_id>1</databus_lookup_id>
        <height/>
        <input/>
        <is_parent>false</is_parent>
        <name>Begin</name>
        <new_activity_definition/>
        <notes/>
        <out_of_date>false</out_of_date>
        <parent/>
        <pinned>false</pinned>
        <pinned_version/>
        <stage/>
        <sys_created_by>reuben.stump</sys_created_by>
        <sys_created_on>2016-06-24 21:45:14</sys_created_on>
        <sys_id>d900a15013d82600913abcc32244b007</sys_id>
        <sys_mod_count>0</sys_mod_count>
        <sys_updated_by>reuben.stump</sys_updated_by>
        <sys_updated_on>2016-06-24 21:45:14</sys_updated_on>
        <timeout>1970-01-01 00:00:00</timeout>
        <vars/>
        <width>80</width>
        <workflow_version display_value="CI Post Build WebHook">1500e11013d82600913abcc32244b08a</workflow_version>
        <x>20</x>
        <y>20</y>
    </wf_activity>
    <wf_condition action="INSERT_OR_UPDATE">
        <activity display_value="Begin">d900a15013d82600913abcc32244b007</activity>
        <condition>true</condition>
        <condition_default/>
        <condition_type>standard</condition_type>
        <else_flag>false</else_flag>
        <error>false</error>
        <event>false</event>
        <event_name/>
        <is_positive>true</is_positive>
        <name>Always</name>
        <order>0</order>
        <short_description/>
        <skip_during_generate>false</skip_during_generate>
        <sys_created_by>reuben.stump</sys_created_by>
        <sys_created_on>2016-06-24 21:45:14</sys_created_on>
        <sys_id>9d00a15013d82600913abcc32244b007</sys_id>
        <sys_mod_count>0</sys_mod_count>
        <sys_updated_by>reuben.stump</sys_updated_by>
        <sys_updated_on>2016-06-24 21:45:14</sys_updated_on>
    </wf_condition>
    <wf_activity action="INSERT_OR_UPDATE">
        <activity_definition display_value="Run Script">db8c65aec0a8016501d00259bc7203a4</activity_definition>
        <activity_definition_updated>false</activity_definition_updated>
        <databus_lookup_id>9</databus_lookup_id>
        <height/>
        <input>{}</input>
        <is_parent>false</is_parent>
        <name>Call Jenkins to get build status</name>
        <new_activity_definition/>
        <notes/>
        <out_of_date>false</out_of_date>
        <parent/>
        <pinned>false</pinned>
        <pinned_version/>
        <stage/>
        <sys_created_by>reuben.stump</sys_created_by>
        <sys_created_on>2016-06-24 21:45:14</sys_created_on>
        <sys_id>5100e11013d82600913abcc32244b08b</sys_id>
        <sys_mod_count>0</sys_mod_count>
        <sys_updated_by>reuben.stump</sys_updated_by>
        <sys_updated_on>2016-06-24 21:45:14</sys_updated_on>
        <timeout>1970-01-01 00:00:00</timeout>
        <vars/>
        <width/>
        <workflow_version display_value="CI Post Build WebHook">1500e11013d82600913abcc32244b08a</workflow_version>
        <x>562</x>
        <y>558</y>
    </wf_activity>
    <sys_variable_value action="INSERT_OR_UPDATE">
        <document>wf_activity</document>
        <document_key>5100e11013d82600913abcc32244b08b</document_key>
        <order>1</order>
        <sys_class_name>sys_variable_value</sys_class_name>
        <sys_created_by>reuben.stump</sys_created_by>
        <sys_created_on>2016-06-24 21:45:14</sys_created_on>
        <sys_id>d100e11013d82600913abcc32244b08b</sys_id>
        <sys_mod_count>0</sys_mod_count>
        <sys_updated_by>reuben.stump</sys_updated_by>
        <sys_updated_on>2016-06-24 21:45:14</sys_updated_on>
        <value>//https://${server}/job/${Job}/${JobID}/api/json&#13;
var restMessage = new sn_ws.RESTMessageV2();&#13;
var user = workflow.scratchpad.build_User;&#13;
var password = workflow.scratchpad.build_Password;&#13;
restMessage.setBasicAuth(user, password);&#13;
restMessage.setHttpMethod("get");&#13;
var myurl = workflow.inputs.u_build_url + 'api/json';&#13;
restMessage.setEndpoint(myurl);&#13;
//gs.info("JENKINS_URL="+myurl);&#13;
var httpExecute = restMessage.executeAsync();&#13;
httpExecute.waitForResponse(60);&#13;
//var httpExecute = restMessage.execute();&#13;
var messageBody = httpExecute.getBody();&#13;
workflow.scratchpad.build_json = global.JSON.parse(messageBody);&#13;
//gs.info("MESSAGE_BODY="+messageBody);&#13;
//gs.info("BUILD_JSON="+global.JSON.stringify(workflow.scratchpad.build_json));</value>
        <variable display_value="">c35ddef20a0a0ba96248a7090eccd518</variable>
    </sys_variable_value>
    <wf_condition action="INSERT_OR_UPDATE">
        <activity display_value="Call Jenkins to get build status">5100e11013d82600913abcc32244b08b</activity>
        <condition>true</condition>
        <condition_default/>
        <condition_type>standard</condition_type>
        <else_flag>false</else_flag>
        <error>false</error>
        <event>false</event>
        <event_name/>
        <is_positive>true</is_positive>
        <name>Always</name>
        <order>0</order>
        <short_description/>
        <skip_during_generate>false</skip_during_generate>
        <sys_created_by>reuben.stump</sys_created_by>
        <sys_created_on>2016-06-24 21:45:14</sys_created_on>
        <sys_id>d500e11013d82600913abcc32244b08b</sys_id>
        <sys_mod_count>0</sys_mod_count>
        <sys_updated_by>reuben.stump</sys_updated_by>
        <sys_updated_on>2016-06-24 21:45:14</sys_updated_on>
    </wf_condition>
    <wf_activity action="INSERT_OR_UPDATE">
        <activity_definition display_value="End">c7a66f7d0a0a0b3a004544a6d2f14076</activity_definition>
        <activity_definition_updated>false</activity_definition_updated>
        <databus_lookup_id>2</databus_lookup_id>
        <height/>
        <input/>
        <is_parent>false</is_parent>
        <name>End</name>
        <new_activity_definition/>
        <notes/>
        <out_of_date>false</out_of_date>
        <parent/>
        <pinned>false</pinned>
        <pinned_version/>
        <stage/>
        <sys_created_by>reuben.stump</sys_created_by>
        <sys_created_on>2016-06-24 21:45:14</sys_created_on>
        <sys_id>5d00e11013d82600913abcc32244b08a</sys_id>
        <sys_mod_count>0</sys_mod_count>
        <sys_updated_by>reuben.stump</sys_updated_by>
        <sys_updated_on>2016-06-24 21:45:14</sys_updated_on>
        <timeout>1970-01-01 00:00:00</timeout>
        <vars/>
        <width>80</width>
        <workflow_version display_value="CI Post Build WebHook">1500e11013d82600913abcc32244b08a</workflow_version>
        <x>880</x>
        <y>723</y>
    </wf_activity>
    <wf_activity action="INSERT_OR_UPDATE">
        <activity_definition display_value="Run Script">db8c65aec0a8016501d00259bc7203a4</activity_definition>
        <activity_definition_updated>false</activity_definition_updated>
        <databus_lookup_id>6</databus_lookup_id>
        <height/>
        <input>{}</input>
        <is_parent>false</is_parent>
        <name>Fetch Commit from SCM</name>
        <new_activity_definition/>
        <notes/>
        <out_of_date>false</out_of_date>
        <parent/>
        <pinned>false</pinned>
        <pinned_version/>
        <stage/>
        <sys_created_by>reuben.stump</sys_created_by>
        <sys_created_on>2016-06-24 21:45:14</sys_created_on>
        <sys_id>9100a15013d82600913abcc32244b007</sys_id>
        <sys_mod_count>0</sys_mod_count>
        <sys_updated_by>reuben.stump</sys_updated_by>
        <sys_updated_on>2016-06-24 21:45:14</sys_updated_on>
        <timeout>1970-01-01 00:00:00</timeout>
        <vars/>
        <width/>
        <workflow_version display_value="CI Post Build WebHook">1500e11013d82600913abcc32244b08a</workflow_version>
        <x>244</x>
        <y>289</y>
    </wf_activity>
    <sys_variable_value action="INSERT_OR_UPDATE">
        <document>wf_activity</document>
        <document_key>9100a15013d82600913abcc32244b007</document_key>
        <order>1</order>
        <sys_class_name>sys_variable_value</sys_class_name>
        <sys_created_by>reuben.stump</sys_created_by>
        <sys_created_on>2016-06-24 21:45:14</sys_created_on>
        <sys_id>1500a15013d82600913abcc32244b007</sys_id>
        <sys_mod_count>0</sys_mod_count>
        <sys_updated_by>reuben.stump</sys_updated_by>
        <sys_updated_on>2016-06-24 21:45:14</sys_updated_on>
        <value>//Build Rest Message&#13;
var restMessage = new sn_ws.RESTMessageV2();&#13;
var user = workflow.scratchpad.scm_User;&#13;
var password = workflow.scratchpad.scm_Password;&#13;
&#13;
//get repo and owner from url&#13;
var mysplit = workflow.inputs.u_scm_url.split('/');&#13;
&#13;
//gs.info("SPLIT="+mysplit);&#13;
&#13;
// get repository name&#13;
var repo = mysplit[4].split(".git")[0];&#13;
//gs.info("repo name = " + repo);&#13;
&#13;
var owner = mysplit[3];&#13;
//gs.info("OWNER="+owner);&#13;
workflow.scratchpad.repo = repo;&#13;
workflow.scratchpad.owner = owner;&#13;
restMessage.setBasicAuth(user, password);&#13;
restMessage.setHttpMethod("get");&#13;
var myurl = ' https://api.github.com/repos/' + owner + '/' + repo + '/commits/' + workflow.inputs.u_scm_commit;&#13;
restMessage.setEndpoint(myurl);&#13;
var httpExecute = restMessage.execute();&#13;
var messageBody = httpExecute.getBody();&#13;
workflow.scratchpad.commit_json = global.JSON.parse(messageBody);</value>
        <variable display_value="">c35ddef20a0a0ba96248a7090eccd518</variable>
    </sys_variable_value>
    <wf_condition action="INSERT_OR_UPDATE">
        <activity display_value="Fetch Commit from SCM">9100a15013d82600913abcc32244b007</activity>
        <condition>true</condition>
        <condition_default/>
        <condition_type>standard</condition_type>
        <else_flag>false</else_flag>
        <error>false</error>
        <event>false</event>
        <event_name/>
        <is_positive>true</is_positive>
        <name>Always</name>
        <order>0</order>
        <short_description/>
        <skip_during_generate>false</skip_during_generate>
        <sys_created_by>reuben.stump</sys_created_by>
        <sys_created_on>2016-06-24 21:45:14</sys_created_on>
        <sys_id>1900a15013d82600913abcc32244b007</sys_id>
        <sys_mod_count>0</sys_mod_count>
        <sys_updated_by>reuben.stump</sys_updated_by>
        <sys_updated_on>2016-06-24 21:45:14</sys_updated_on>
    </wf_condition>
    <wf_activity action="INSERT_OR_UPDATE">
        <activity_definition display_value="Run Script">db8c65aec0a8016501d00259bc7203a4</activity_definition>
        <activity_definition_updated>false</activity_definition_updated>
        <databus_lookup_id>7</databus_lookup_id>
        <height/>
        <input>{}</input>
        <is_parent>false</is_parent>
        <name>Get Branch From Commit</name>
        <new_activity_definition/>
        <notes/>
        <out_of_date>false</out_of_date>
        <parent/>
        <pinned>false</pinned>
        <pinned_version/>
        <stage/>
        <sys_created_by>reuben.stump</sys_created_by>
        <sys_created_on>2016-06-24 21:45:14</sys_created_on>
        <sys_id>5100a15013d82600913abcc32244b008</sys_id>
        <sys_mod_count>0</sys_mod_count>
        <sys_updated_by>reuben.stump</sys_updated_by>
        <sys_updated_on>2016-06-24 21:45:14</sys_updated_on>
        <timeout>1970-01-01 00:00:00</timeout>
        <vars/>
        <width/>
        <workflow_version display_value="CI Post Build WebHook">1500e11013d82600913abcc32244b08a</workflow_version>
        <x>357</x>
        <y>376</y>
    </wf_activity>
    <sys_variable_value action="INSERT_OR_UPDATE">
        <document>wf_activity</document>
        <document_key>5100a15013d82600913abcc32244b008</document_key>
        <order>1</order>
        <sys_class_name>sys_variable_value</sys_class_name>
        <sys_created_by>reuben.stump</sys_created_by>
        <sys_created_on>2016-06-24 21:45:14</sys_created_on>
        <sys_id>d100a15013d82600913abcc32244b008</sys_id>
        <sys_mod_count>0</sys_mod_count>
        <sys_updated_by>reuben.stump</sys_updated_by>
        <sys_updated_on>2016-06-24 21:45:14</sys_updated_on>
        <value>//workflow.scratchpad.repo_sysID&#13;
&#13;
var workingBranchName = workflow.inputs.u_scm_branch;&#13;
var branchname;&#13;
var branchDB = new GlideRecord('x_snc_itom_ci_github_branches');&#13;
branchDB.addQuery('name' ,workingBranchName);&#13;
branchDB.addQuery('repo', workflow.scratchpad.repo_sysID);&#13;
branchDB.query();&#13;
while (branchDB.next()) {&#13;
	branchname = branchDB.name;&#13;
	//Set a Workflow Scratch Pad value here.&#13;
	workflow.scratchpad.branch_sysID = branchDB.sys_id;&#13;
}&#13;
if (!branchname){&#13;
	var branchDB_add = new GlideRecord('x_snc_itom_ci_github_branches');&#13;
	branchDB_add.initialize(); &#13;
	branchDB_add.name = workingBranchName; &#13;
	branchDB_add.repo = workflow.scratchpad.repo_sysID;&#13;
	workflow.scratchpad.branch_sysID = branchDB_add.insert();&#13;
}</value>
        <variable display_value="">c35ddef20a0a0ba96248a7090eccd518</variable>
    </sys_variable_value>
    <wf_condition action="INSERT_OR_UPDATE">
        <activity display_value="Get Branch From Commit">5100a15013d82600913abcc32244b008</activity>
        <condition>true</condition>
        <condition_default/>
        <condition_type>standard</condition_type>
        <else_flag>false</else_flag>
        <error>false</error>
        <event>false</event>
        <event_name/>
        <is_positive>true</is_positive>
        <name>Always</name>
        <order>0</order>
        <short_description/>
        <skip_during_generate>false</skip_during_generate>
        <sys_created_by>reuben.stump</sys_created_by>
        <sys_created_on>2016-06-24 21:45:14</sys_created_on>
        <sys_id>d500a15013d82600913abcc32244b008</sys_id>
        <sys_mod_count>0</sys_mod_count>
        <sys_updated_by>reuben.stump</sys_updated_by>
        <sys_updated_on>2016-06-24 21:45:14</sys_updated_on>
    </wf_condition>
    <wf_activity action="INSERT_OR_UPDATE">
        <activity_definition display_value="Run Script">db8c65aec0a8016501d00259bc7203a4</activity_definition>
        <activity_definition_updated>false</activity_definition_updated>
        <databus_lookup_id>5</databus_lookup_id>
        <height/>
        <input>{}</input>
        <is_parent>false</is_parent>
        <name>Get GITHUB Creds</name>
        <new_activity_definition/>
        <notes/>
        <out_of_date>false</out_of_date>
        <parent/>
        <pinned>false</pinned>
        <pinned_version/>
        <stage/>
        <sys_created_by>reuben.stump</sys_created_by>
        <sys_created_on>2016-06-24 21:45:14</sys_created_on>
        <sys_id>d100e11013d82600913abcc32244b08c</sys_id>
        <sys_mod_count>0</sys_mod_count>
        <sys_updated_by>reuben.stump</sys_updated_by>
        <sys_updated_on>2016-06-24 21:45:14</sys_updated_on>
        <timeout>1970-01-01 00:00:00</timeout>
        <vars/>
        <width/>
        <workflow_version display_value="CI Post Build WebHook">1500e11013d82600913abcc32244b08a</workflow_version>
        <x>129</x>
        <y>197</y>
    </wf_activity>
    <sys_variable_value action="INSERT_OR_UPDATE">
        <document>wf_activity</document>
        <document_key>d100e11013d82600913abcc32244b08c</document_key>
        <order>1</order>
        <sys_class_name>sys_variable_value</sys_class_name>
        <sys_created_by>reuben.stump</sys_created_by>
        <sys_created_on>2016-06-24 21:45:14</sys_created_on>
        <sys_id>5500e11013d82600913abcc32244b08c</sys_id>
        <sys_mod_count>0</sys_mod_count>
        <sys_updated_by>reuben.stump</sys_updated_by>
        <sys_updated_on>2016-06-24 21:45:14</sys_updated_on>
        <value>//x_snc_itom_ci_jenkins_credentials&#13;
var juser;&#13;
var jpass;&#13;
&#13;
//gs.info("github passes url ****  :" +workflow.inputs.u_scm_url);&#13;
var GL = new GlideRecord('x_snc_itom_ci_github_repositories');&#13;
GL.addQuery('url' ,workflow.inputs.u_scm_url);&#13;
GL.query();&#13;
while (GL.next()) {&#13;
	juser = GL.credential.user;&#13;
	var pass = GL.credential.password;&#13;
	//var Encrypter = new GlideEncrypter(); &#13;
	//var encrypted = GL.password; &#13;
	//jpass = Encrypter.decrypt(encrypted);&#13;
	jpass = GL.credential.password.getDecryptedValue();&#13;
	//gs.info("USER:" + GL.credential.user);&#13;
	workflow.scratchpad.scm_User = juser;&#13;
	workflow.scratchpad.scm_Password = jpass;&#13;
	workflow.scratchpad.repo_sysID = GL.sys_id;&#13;
}&#13;
&#13;
&#13;
</value>
        <variable display_value="">c35ddef20a0a0ba96248a7090eccd518</variable>
    </sys_variable_value>
    <wf_condition action="INSERT_OR_UPDATE">
        <activity display_value="Get GITHUB Creds">d100e11013d82600913abcc32244b08c</activity>
        <condition>true</condition>
        <condition_default/>
        <condition_type>standard</condition_type>
        <else_flag>false</else_flag>
        <error>false</error>
        <event>false</event>
        <event_name/>
        <is_positive>true</is_positive>
        <name>Always</name>
        <order>0</order>
        <short_description/>
        <skip_during_generate>false</skip_during_generate>
        <sys_created_by>reuben.stump</sys_created_by>
        <sys_created_on>2016-06-24 21:45:14</sys_created_on>
        <sys_id>dd00a15013d82600913abcc32244b006</sys_id>
        <sys_mod_count>0</sys_mod_count>
        <sys_updated_by>reuben.stump</sys_updated_by>
        <sys_updated_on>2016-06-24 21:45:14</sys_updated_on>
    </wf_condition>
    <wf_activity action="INSERT_OR_UPDATE">
        <activity_definition display_value="Run Script">db8c65aec0a8016501d00259bc7203a4</activity_definition>
        <activity_definition_updated>false</activity_definition_updated>
        <databus_lookup_id>3</databus_lookup_id>
        <height/>
        <input>{}</input>
        <is_parent>false</is_parent>
        <name>Get Jenkins Creds</name>
        <new_activity_definition/>
        <notes/>
        <out_of_date>false</out_of_date>
        <parent/>
        <pinned>false</pinned>
        <pinned_version/>
        <stage/>
        <sys_created_by>reuben.stump</sys_created_by>
        <sys_created_on>2016-06-24 21:45:14</sys_created_on>
        <sys_id>9900a15013d82600913abcc32244b008</sys_id>
        <sys_mod_count>0</sys_mod_count>
        <sys_updated_by>reuben.stump</sys_updated_by>
        <sys_updated_on>2016-06-24 21:45:14</sys_updated_on>
        <timeout>1970-01-01 00:00:00</timeout>
        <vars/>
        <width/>
        <workflow_version display_value="CI Post Build WebHook">1500e11013d82600913abcc32244b08a</workflow_version>
        <x>27</x>
        <y>107</y>
    </wf_activity>
    <sys_variable_value action="INSERT_OR_UPDATE">
        <document>wf_activity</document>
        <document_key>9900a15013d82600913abcc32244b008</document_key>
        <order>1</order>
        <sys_class_name>sys_variable_value</sys_class_name>
        <sys_created_by>reuben.stump</sys_created_by>
        <sys_created_on>2016-06-24 21:45:14</sys_created_on>
        <sys_id>1d00a15013d82600913abcc32244b008</sys_id>
        <sys_mod_count>0</sys_mod_count>
        <sys_updated_by>reuben.stump</sys_updated_by>
        <sys_updated_on>2016-06-24 21:45:14</sys_updated_on>
        <value>//x_snc_itom_ci_jenkins_credentials&#13;
var juser;&#13;
var jpass;&#13;
var GL = new GlideRecord('x_snc_itom_ci_jenkins_credentials');&#13;
GL.addQuery('server.host' ,workflow.inputs.u_build_host);&#13;
GL.query();&#13;
while (GL.next()) {&#13;
	juser = GL.user;&#13;
	var pass = GL.password;&#13;
	//var Encrypter = new GlideEncrypter(); &#13;
	//var encrypted = GL.password; &#13;
	//jpass = Encrypter.decrypt(encrypted);&#13;
	jpass = GL.password.getDecryptedValue();&#13;
	workflow.scratchpad.build_User = juser;&#13;
	workflow.scratchpad.build_Password = jpass;&#13;
}&#13;
&#13;
</value>
        <variable display_value="">c35ddef20a0a0ba96248a7090eccd518</variable>
    </sys_variable_value>
    <wf_condition action="INSERT_OR_UPDATE">
        <activity display_value="Get Jenkins Creds">9900a15013d82600913abcc32244b008</activity>
        <condition>true</condition>
        <condition_default/>
        <condition_type>standard</condition_type>
        <else_flag>false</else_flag>
        <error>false</error>
        <event>false</event>
        <event_name/>
        <is_positive>true</is_positive>
        <name>Always</name>
        <order>0</order>
        <short_description/>
        <skip_during_generate>false</skip_during_generate>
        <sys_created_by>reuben.stump</sys_created_by>
        <sys_created_on>2016-06-24 21:45:14</sys_created_on>
        <sys_id>1100a15013d82600913abcc32244b009</sys_id>
        <sys_mod_count>0</sys_mod_count>
        <sys_updated_by>reuben.stump</sys_updated_by>
        <sys_updated_on>2016-06-24 21:45:14</sys_updated_on>
    </wf_condition>
    <wf_activity action="INSERT_OR_UPDATE">
        <activity_definition display_value="Run Script">db8c65aec0a8016501d00259bc7203a4</activity_definition>
        <activity_definition_updated>false</activity_definition_updated>
        <databus_lookup_id>10</databus_lookup_id>
        <height/>
        <input>{}</input>
        <is_parent>false</is_parent>
        <name>Write Build To Table</name>
        <new_activity_definition/>
        <notes/>
        <out_of_date>false</out_of_date>
        <parent/>
        <pinned>false</pinned>
        <pinned_version/>
        <stage/>
        <sys_created_by>reuben.stump</sys_created_by>
        <sys_created_on>2016-06-24 21:45:14</sys_created_on>
        <sys_id>9900e11013d82600913abcc32244b08b</sys_id>
        <sys_mod_count>0</sys_mod_count>
        <sys_updated_by>reuben.stump</sys_updated_by>
        <sys_updated_on>2016-06-24 21:45:14</sys_updated_on>
        <timeout>1970-01-01 00:00:00</timeout>
        <vars/>
        <width/>
        <workflow_version display_value="CI Post Build WebHook">1500e11013d82600913abcc32244b08a</workflow_version>
        <x>783</x>
        <y>626</y>
    </wf_activity>
    <sys_variable_value action="INSERT_OR_UPDATE">
        <document>wf_activity</document>
        <document_key>9900e11013d82600913abcc32244b08b</document_key>
        <order>1</order>
        <sys_class_name>sys_variable_value</sys_class_name>
        <sys_created_by>reuben.stump</sys_created_by>
        <sys_created_on>2016-06-24 21:45:14</sys_created_on>
        <sys_id>1d00e11013d82600913abcc32244b08b</sys_id>
        <sys_mod_count>0</sys_mod_count>
        <sys_updated_by>reuben.stump</sys_updated_by>
        <sys_updated_on>2016-06-24 21:45:14</sys_updated_on>
        <value>//gs.info("Commit ID:"+workflow.scratchpad.commitID);&#13;
//var commitSha = workflow.scratchpad.commitID;&#13;
//Get Commit from DB&#13;
var actions = workflow.scratchpad.build_json.actions;&#13;
for (x = 0; x &lt; actions.length; x++) {&#13;
	if(actions[x].lastBuiltRevision){&#13;
		var commitSha = actions[x].lastBuiltRevision.SHA1;&#13;
	}&#13;
}&#13;
var branch_CommitsDB = new GlideRecord('x_snc_itom_ci_github_commits');&#13;
branch_CommitsDB.addQuery('sha', commitSha);&#13;
branch_CommitsDB.query();&#13;
var branch_commits_InDB;&#13;
while (branch_CommitsDB.next()) {&#13;
	branch_commits_InDB = branch_CommitsDB.sys_id;&#13;
}&#13;
&#13;
//New Time&#13;
function twoDigits(d) {&#13;
    if(0 &lt;= d &amp;&amp; d &lt; 10) return "0" + d.toString();&#13;
    if(-10 &lt; d &amp;&amp; d &lt; 0) return "-0" + (-1*d).toString();&#13;
    return d.toString();&#13;
}&#13;
&#13;
/**&#13;
 * …and then create the method to output the date string as desired.&#13;
 * Some people hate using prototypes this way, but if you are going&#13;
 * to apply this to more than one Date object, having it as a prototype&#13;
 * makes sense.&#13;
 **/&#13;
function toMysqlFormat(mydate) {&#13;
    return mydate.getUTCFullYear() + "-" + twoDigits(1 + mydate.getUTCMonth()) + "-" + twoDigits(mydate.getUTCDate()) + " " + twoDigits(mydate.getUTCHours()) + ":" + twoDigits(mydate.getUTCMinutes()) + ":" + twoDigits(mydate.getUTCSeconds());&#13;
};&#13;
&#13;
&#13;
&#13;
&#13;
var mytime = new Date();&#13;
var myforTime = toMysqlFormat(mytime);&#13;
var gdt = new GlideDateTime(myforTime);&#13;
var time = gdt;&#13;
&#13;
&#13;
&#13;
&#13;
&#13;
&#13;
&#13;
var buildID = workflow.scratchpad.build_json.id;&#13;
var buildUrl = workflow.scratchpad.build_json.url;&#13;
var BuildName;&#13;
var BuildDB = new GlideRecord('x_snc_itom_ci_jenkins_builds');&#13;
BuildDB.addQuery('build_id' ,buildID);&#13;
BuildDB.addQuery('url', buildUrl);&#13;
BuildDB.query();&#13;
while (BuildDB.next()) {&#13;
	BuildName = BuildDB.display_name;&#13;
	//Set a Workflow Scratch Pad value here.&#13;
	workflow.scratchpad.build_sysID = BuildDB.sys_id;&#13;
}&#13;
	if (!BuildName){&#13;
		var buildDB_add = new GlideRecord('x_snc_itom_ci_jenkins_builds');&#13;
		buildDB_add.initialize(); &#13;
		buildDB_add.build_id = workflow.scratchpad.build_json.id;&#13;
		buildDB_add.build_number = workflow.scratchpad.build_json.number;&#13;
		buildDB_add.building = workflow.scratchpad.build_json.building;&#13;
		buildDB_add.commit = branch_commits_InDB;&#13;
		buildDB_add.description = workflow.scratchpad.build_json.description;&#13;
		buildDB_add.display_name = workflow.scratchpad.build_json.displayName;&#13;
		buildDB_add.duration = workflow.scratchpad.build_json.duration;&#13;
		buildDB_add.estimated_duration = workflow.scratchpad.build_json.estimatedDuration;&#13;
		buildDB_add.full_display_name = workflow.scratchpad.build_json.fullDisplayName;&#13;
		buildDB_add.result = workflow.scratchpad.build_json.result;&#13;
		buildDB_add.timestamp = time;&#13;
		buildDB_add.url = workflow.scratchpad.build_json.url;&#13;
		workflow.scratchpad.build_sysID = buildDB_add.insert();&#13;
}&#13;
&#13;
</value>
        <variable display_value="">c35ddef20a0a0ba96248a7090eccd518</variable>
    </sys_variable_value>
    <wf_condition action="INSERT_OR_UPDATE">
        <activity display_value="Write Build To Table">9900e11013d82600913abcc32244b08b</activity>
        <condition>true</condition>
        <condition_default/>
        <condition_type>standard</condition_type>
        <else_flag>false</else_flag>
        <error>false</error>
        <event>false</event>
        <event_name/>
        <is_positive>true</is_positive>
        <name>Always</name>
        <order>0</order>
        <short_description/>
        <skip_during_generate>false</skip_during_generate>
        <sys_created_by>reuben.stump</sys_created_by>
        <sys_created_on>2016-06-24 21:45:14</sys_created_on>
        <sys_id>1100e11013d82600913abcc32244b08c</sys_id>
        <sys_mod_count>0</sys_mod_count>
        <sys_updated_by>reuben.stump</sys_updated_by>
        <sys_updated_on>2016-06-24 21:45:14</sys_updated_on>
    </wf_condition>
    <wf_activity action="INSERT_OR_UPDATE">
        <activity_definition display_value="Run Script">db8c65aec0a8016501d00259bc7203a4</activity_definition>
        <activity_definition_updated>false</activity_definition_updated>
        <databus_lookup_id>8</databus_lookup_id>
        <height/>
        <input>{}</input>
        <is_parent>false</is_parent>
        <name>Write Commit to Table</name>
        <new_activity_definition/>
        <notes/>
        <out_of_date>false</out_of_date>
        <parent/>
        <pinned>false</pinned>
        <pinned_version/>
        <stage/>
        <sys_created_by>reuben.stump</sys_created_by>
        <sys_created_on>2016-06-24 21:45:14</sys_created_on>
        <sys_id>d100a15013d82600913abcc32244b009</sys_id>
        <sys_mod_count>1</sys_mod_count>
        <sys_updated_by>reuben.stump</sys_updated_by>
        <sys_updated_on>2016-06-24 21:46:09</sys_updated_on>
        <timeout>1970-01-01 00:00:00</timeout>
        <vars/>
        <width/>
        <workflow_version display_value="CI Post Build WebHook">1500e11013d82600913abcc32244b08a</workflow_version>
        <x>460</x>
        <y>465</y>
    </wf_activity>
    <sys_variable_value action="INSERT_OR_UPDATE">
        <document>wf_activity</document>
        <document_key>d100a15013d82600913abcc32244b009</document_key>
        <order>1</order>
        <sys_class_name>sys_variable_value</sys_class_name>
        <sys_created_by>reuben.stump</sys_created_by>
        <sys_created_on>2016-06-24 21:45:14</sys_created_on>
        <sys_id>5500a15013d82600913abcc32244b009</sys_id>
        <sys_mod_count>1</sys_mod_count>
        <sys_updated_by>reuben.stump</sys_updated_by>
        <sys_updated_on>2016-06-24 21:46:09</sys_updated_on>
        <value>//workflow.scratchpad.branch_sysID&#13;
&#13;
/* function : ISODateTimeToGlideDateTime()&#13;
	Convert ISO8601 DateTime string to GlideDateTime object&#13;
*/&#13;
function ISODateTimeToGlideDateTime(s) {&#13;
	if ( (s == '') || (s == null) ) {&#13;
		return null;&#13;
	}&#13;
&#13;
    // GlideDateTime constructor expects date format: 'YY-MM-DD HH::MM::SS'&#13;
    parts = s.split(/[-TZ:+]/g);&#13;
    &#13;
    if (parts.length &lt; 6) {&#13;
    	return null;&#13;
    }&#13;
&#13;
    dts = '';&#13;
	dts += parts[0] + "-" + parts[1] + "-" + parts[2];&#13;
	dts += ' ';&#13;
	dts += parts[3] + ":" + parts[4] + ":" + parts[5];&#13;
	&#13;
	// Calculate timezone offset in seconds&#13;
	sign = /\d\d-\d\d:\d\d$/.test(s)? '-' : '+';&#13;
	if ( (parts[6] != null) &amp;&amp; (parts[7] != null) ) {&#13;
		offset = parseInt(parts[6] * 3600 + parseInt(parts[7] * 60));&#13;
		offset = 0 + (sign == '-' ? -1 * offset : offset);&#13;
	} else {&#13;
		offset = 0;&#13;
	}&#13;
	&#13;
	// GlideDateTime object&#13;
	gdt = new GlideDateTime(dts);&#13;
	gdt.addSeconds(offset);&#13;
	&#13;
	return gdt;&#13;
}&#13;
&#13;
&#13;
var branch_CommitsDB = new GlideRecord('x_snc_itom_ci_github_commits');&#13;
branch_CommitsDB.addQuery('sha', workflow.scratchpad.commit_json.sha);&#13;
branch_CommitsDB.query();&#13;
var branch_commits_InDB;&#13;
while (branch_CommitsDB.next()) {&#13;
	branch_commits_InDB = branch_CommitsDB.sha;&#13;
	if (workflow.inputs.u_mergeid){&#13;
		branch_Commits.u_pull_request = workflow.inputs.u_mergeid;&#13;
		branch_Commits.update();&#13;
	}&#13;
}&#13;
//workflow.scratchpad.repo_sysID&#13;
//workflow.scratchpad.branch_sysID&#13;
//Find all commits that have not been added to the DB already&#13;
if (!branch_commits_InDB){&#13;
	//Write each commit to the DB&#13;
	var commits_return_json = workflow.scratchpad.commit_json;&#13;
	&#13;
	// Test some time-dates&#13;
	//gs.info("--- initial: " + commits_return_json.commit.author.date + " ---");&#13;
	//gs.info("--- convert: " + snTimeFromISOTime(commits_return_json.commit.author.date) + " ---");&#13;
	&#13;
	//add values to work with here. &#13;
	var branch_sysID = workflow.scratchpad.branch_sysID;&#13;
	var repo_sysID = workflow.scratchpad.repo_sysID;&#13;
	var user = workflow.scratchpad.scm_User;&#13;
	var password = workflow.scratchpad.scm_Password;&#13;
	var SHA = workflow.inputs.u_scm_commit;&#13;
	var repo = workflow.scratchpad.repo;&#13;
	var owner = workflow.scratchpad.owner;&#13;
	var files = commits_return_json.files;&#13;
	var repo_commits = new GlideRecord('x_snc_itom_ci_github_commits');&#13;
	repo_commits.initialize();&#13;
	repo_commits.author_name = commits_return_json.commit.author.name;&#13;
	repo_commits.branch = branch_sysID;&#13;
	repo_commits.change_additions = commits_return_json.stats.additions;&#13;
	repo_commits.change_deletions = commits_return_json.stats.deletions;&#13;
	if (workflow.inputs.u_mergeid){&#13;
		repo_commits.u_pull_request = workflow.inputs.u_mergeid;&#13;
	}&#13;
	repo_commits.commit_date = ISODateTimeToGlideDateTime(commits_return_json.commit.author.date);&#13;
	repo_commits.commiter_email = commits_return_json.commit.committer.email;&#13;
	repo_commits.commiter = commits_return_json.commit.committer.name;&#13;
	repo_commits.repository = repo_sysID;&#13;
	repo_commits.message = commits_return_json.commit.message;&#13;
	repo_commits.sha = commits_return_json.sha;&#13;
	repo_commits.total_changes = commits_return_json.stats.total;&#13;
	repo_commits.url = commits_return_json.url;&#13;
	var commit_id = repo_commits.insert();&#13;
	workflow.scratchpad.commitID = commit_id;&#13;
	//Loop through all files in a commit&#13;
	for (ib = 0; ib &lt; files.length; ib++) {&#13;
		var raw_filename = files[ib].filename;&#13;
		var fileurl = encodeURI(raw_filename);&#13;
		//Get The RAW file that was modified in the commit&#13;
		try {&#13;
			var rawfile = new sn_ws.RESTMessageV2();&#13;
			//gs.info('ENDPOINT = https://raw.githubusercontent.com/' + owner + "/" + repo + "/" + SHA + "/" + fileurl);&#13;
			rawfile.setEndpoint('https://raw.githubusercontent.com/' + owner + "/" + repo + "/" + SHA + "/" + fileurl);			&#13;
			rawfile.setBasicAuth(workflow.scratchpad.scm_User, workflow.scratchpad.scm_Password);&#13;
			rawfile.setHttpMethod("get");&#13;
			var response = rawfile.execute();&#13;
			var responseBody = response.getBody();&#13;
			var httpStatus = response.getStatusCode();&#13;
			//gs.info("RAW FILE :  " + responseBody);&#13;
		}&#13;
		catch(ex) {&#13;
			//var message = ex.getMessage();&#13;
			gs.info("Some Error on the raw file get!");&#13;
			gs.info(ex);&#13;
		}&#13;
		//Write the file details to a DB&#13;
		var repo_commits_file = new GlideRecord('x_snc_itom_ci_github_commit_files');&#13;
		repo_commits_file.initialize();&#13;
		repo_commits_file.commit_sha = files[ib].sha;&#13;
		repo_commits_file.file_name = files[ib].filename;&#13;
		repo_commits_file.file_changes = files[ib].patch;&#13;
		repo_commits_file.file_additions = files[ib].additions;&#13;
		repo_commits_file.file_deletions = files[ib].deletions;&#13;
		repo_commits_file.commit = commit_id;&#13;
		repo_commits_file.status = files[ib].status;&#13;
		repo_commits_file.total_file_changes = files[ib].changes;&#13;
		repo_commits_file.file_text = files[ib].patch;&#13;
		repo_commits_file.insert();&#13;
	}&#13;
}&#13;
if (branch_commits_InDB){&#13;
	//Set a workflow scratch pad value here for the commit SHA&#13;
	branch_commits_InDB = branch_CommitsDB.u_sha;&#13;
}&#13;
//workflow.scratchpad.commitID = commit_id;&#13;
&#13;
//var rec1 = new GlideRecord("change_request");&#13;
//rec1.initialize();&#13;
//rec1.applyTemplate("Code Commit");&#13;
//var current_description = rec1.description&#13;
//rec1.description = commit_id;&#13;
//rec2.cmdb_ci = commit_id;&#13;
//var rec_ID = rec1.insert();&#13;
&#13;
/*&#13;
var rec2 = new GlideRecord("change_request");&#13;
rec2.get(rec_ID ); &#13;
rec2.applyTemplate("Code Commit");&#13;
//rec2.cmdb_ci = commit_id;&#13;
rec2.update();&#13;
*/</value>
        <variable display_value="">c35ddef20a0a0ba96248a7090eccd518</variable>
    </sys_variable_value>
    <wf_condition action="INSERT_OR_UPDATE">
        <activity display_value="Write Commit to Table">d100a15013d82600913abcc32244b009</activity>
        <condition>true</condition>
        <condition_default/>
        <condition_type>standard</condition_type>
        <else_flag>false</else_flag>
        <error>false</error>
        <event>false</event>
        <event_name/>
        <is_positive>true</is_positive>
        <name>Always</name>
        <order>0</order>
        <short_description/>
        <skip_during_generate>false</skip_during_generate>
        <sys_created_by>reuben.stump</sys_created_by>
        <sys_created_on>2016-06-24 21:45:14</sys_created_on>
        <sys_id>5900a15013d82600913abcc32244b009</sys_id>
        <sys_mod_count>0</sys_mod_count>
        <sys_updated_by>reuben.stump</sys_updated_by>
        <sys_updated_on>2016-06-24 21:45:14</sys_updated_on>
    </wf_condition>
    <wf_transition action="INSERT_OR_UPDATE">
        <condition display_value="Always">dd00a15013d82600913abcc32244b006</condition>
        <from display_value="Get GITHUB Creds">d100e11013d82600913abcc32244b08c</from>
        <sys_created_by>reuben.stump</sys_created_by>
        <sys_created_on>2016-06-24 21:45:14</sys_created_on>
        <sys_id>1100a15013d82600913abcc32244b00a</sys_id>
        <sys_mod_count>0</sys_mod_count>
        <sys_updated_by>reuben.stump</sys_updated_by>
        <sys_updated_on>2016-06-24 21:45:14</sys_updated_on>
        <to display_value="Fetch Commit from SCM">9100a15013d82600913abcc32244b007</to>
    </wf_transition>
    <wf_transition action="INSERT_OR_UPDATE">
        <condition display_value="Always">1100a15013d82600913abcc32244b009</condition>
        <from display_value="Get Jenkins Creds">9900a15013d82600913abcc32244b008</from>
        <sys_created_by>reuben.stump</sys_created_by>
        <sys_created_on>2016-06-24 21:45:14</sys_created_on>
        <sys_id>1500a15013d82600913abcc32244b00a</sys_id>
        <sys_mod_count>0</sys_mod_count>
        <sys_updated_by>reuben.stump</sys_updated_by>
        <sys_updated_on>2016-06-24 21:45:14</sys_updated_on>
        <to display_value="Get GITHUB Creds">d100e11013d82600913abcc32244b08c</to>
    </wf_transition>
    <wf_transition action="INSERT_OR_UPDATE">
        <condition display_value="Always">1100e11013d82600913abcc32244b08c</condition>
        <from display_value="Write Build To Table">9900e11013d82600913abcc32244b08b</from>
        <sys_created_by>reuben.stump</sys_created_by>
        <sys_created_on>2016-06-24 21:45:14</sys_created_on>
        <sys_id>1900a15013d82600913abcc32244b00a</sys_id>
        <sys_mod_count>0</sys_mod_count>
        <sys_updated_by>reuben.stump</sys_updated_by>
        <sys_updated_on>2016-06-24 21:45:14</sys_updated_on>
        <to display_value="End">5d00e11013d82600913abcc32244b08a</to>
    </wf_transition>
    <wf_transition action="INSERT_OR_UPDATE">
        <condition display_value="Always">5900a15013d82600913abcc32244b009</condition>
        <from display_value="Write Commit to Table">d100a15013d82600913abcc32244b009</from>
        <sys_created_by>reuben.stump</sys_created_by>
        <sys_created_on>2016-06-24 21:45:14</sys_created_on>
        <sys_id>1d00a15013d82600913abcc32244b00a</sys_id>
        <sys_mod_count>0</sys_mod_count>
        <sys_updated_by>reuben.stump</sys_updated_by>
        <sys_updated_on>2016-06-24 21:45:14</sys_updated_on>
        <to display_value="Call Jenkins to get build status">5100e11013d82600913abcc32244b08b</to>
    </wf_transition>
    <wf_transition action="INSERT_OR_UPDATE">
        <condition display_value="Always">1900a15013d82600913abcc32244b007</condition>
        <from display_value="Fetch Commit from SCM">9100a15013d82600913abcc32244b007</from>
        <sys_created_by>reuben.stump</sys_created_by>
        <sys_created_on>2016-06-24 21:45:14</sys_created_on>
        <sys_id>9100a15013d82600913abcc32244b00a</sys_id>
        <sys_mod_count>0</sys_mod_count>
        <sys_updated_by>reuben.stump</sys_updated_by>
        <sys_updated_on>2016-06-24 21:45:14</sys_updated_on>
        <to display_value="Get Branch From Commit">5100a15013d82600913abcc32244b008</to>
    </wf_transition>
    <wf_transition action="INSERT_OR_UPDATE">
        <condition display_value="Always">9d00a15013d82600913abcc32244b007</condition>
        <from display_value="Begin">d900a15013d82600913abcc32244b007</from>
        <sys_created_by>reuben.stump</sys_created_by>
        <sys_created_on>2016-06-24 21:45:14</sys_created_on>
        <sys_id>9500a15013d82600913abcc32244b00a</sys_id>
        <sys_mod_count>0</sys_mod_count>
        <sys_updated_by>reuben.stump</sys_updated_by>
        <sys_updated_on>2016-06-24 21:45:14</sys_updated_on>
        <to display_value="Get Jenkins Creds">9900a15013d82600913abcc32244b008</to>
    </wf_transition>
    <wf_transition action="INSERT_OR_UPDATE">
        <condition display_value="Always">d500e11013d82600913abcc32244b08b</condition>
        <from display_value="Call Jenkins to get build status">5100e11013d82600913abcc32244b08b</from>
        <sys_created_by>reuben.stump</sys_created_by>
        <sys_created_on>2016-06-24 21:45:14</sys_created_on>
        <sys_id>9900a15013d82600913abcc32244b00a</sys_id>
        <sys_mod_count>0</sys_mod_count>
        <sys_updated_by>reuben.stump</sys_updated_by>
        <sys_updated_on>2016-06-24 21:45:14</sys_updated_on>
        <to display_value="Write Build To Table">9900e11013d82600913abcc32244b08b</to>
    </wf_transition>
    <wf_transition action="INSERT_OR_UPDATE">
        <condition display_value="Always">d500a15013d82600913abcc32244b008</condition>
        <from display_value="Get Branch From Commit">5100a15013d82600913abcc32244b008</from>
        <sys_created_by>reuben.stump</sys_created_by>
        <sys_created_on>2016-06-24 21:45:14</sys_created_on>
        <sys_id>9d00a15013d82600913abcc32244b00a</sys_id>
        <sys_mod_count>0</sys_mod_count>
        <sys_updated_by>reuben.stump</sys_updated_by>
        <sys_updated_on>2016-06-24 21:45:14</sys_updated_on>
        <to display_value="Write Commit to Table">d100a15013d82600913abcc32244b009</to>
    </wf_transition>
    <var_dictionary action="INSERT_OR_UPDATE">
        <active>true</active>
        <array>false</array>
        <attributes/>
        <audit>false</audit>
        <calculation><![CDATA[(function calculatedFieldValue(current) {

	// Add your code here
	return '';  // return the calculated value

})(current);]]></calculation>
        <choice/>
        <choice_field/>
        <choice_table/>
        <column_label>build_url</column_label>
        <comments/>
        <create_roles/>
        <default_value/>
        <defaultsort/>
        <delete_roles/>
        <dependent/>
        <dependent_on_field/>
        <display>false</display>
        <dynamic_creation>false</dynamic_creation>
        <dynamic_creation_script/>
        <dynamic_default_value/>
        <dynamic_ref_qual/>
        <element>u_build_url</element>
        <element_reference>false</element_reference>
        <foreign_database/>
        <help/>
        <hint/>
        <internal_type/>
        <label>build_url</label>
        <mandatory>false</mandatory>
        <max_length>256</max_length>
        <model_id>4dc6d79e13735a00913abcc32244b016</model_id>
        <model_table>wf_workflow</model_table>
        <name>var__m_4dc6d79e13735a00913abcc32244b016</name>
        <next_element/>
        <order>100</order>
        <primary>false</primary>
        <read_only>false</read_only>
        <read_roles/>
        <reference/>
        <reference_cascade_rule/>
        <reference_floats>false</reference_floats>
        <reference_key/>
        <reference_qual/>
        <reference_qual_condition/>
        <reference_type/>
        <sizeclass/>
        <spell_check>false</spell_check>
        <staged>false</staged>
        <sys_class_name>var_dictionary</sys_class_name>
        <sys_created_by>shaun.millin</sys_created_by>
        <sys_created_on>2016-06-06 16:18:36</sys_created_on>
        <sys_customer_update>false</sys_customer_update>
        <sys_id>0c98a75613b35a00913abcc32244b060</sys_id>
        <sys_mod_count>1</sys_mod_count>
        <sys_name>build_url</sys_name>
        <sys_package display_value="Continuous Integration" source="x_snc_itom_ci">741820034f671600298deed18110c701</sys_package>
        <sys_policy/>
        <sys_replace_on_upgrade>false</sys_replace_on_upgrade>
        <sys_scope display_value="Continuous Integration">741820034f671600298deed18110c701</sys_scope>
        <sys_update_name>var_dictionary_0c98a75613b35a00913abcc32244b060</sys_update_name>
        <sys_updated_by>shaun.millin</sys_updated_by>
        <sys_updated_on>2016-06-06 16:18:36</sys_updated_on>
        <table_reference>false</table_reference>
        <text_index>false</text_index>
        <unique>false</unique>
        <use_dependent_field>false</use_dependent_field>
        <use_dynamic_default>false</use_dynamic_default>
        <use_reference_qualifier>simple</use_reference_qualifier>
        <virtual>false</virtual>
        <widget/>
        <write_roles/>
        <xml_view>false</xml_view>
    </var_dictionary>
    <var_dictionary action="INSERT_OR_UPDATE">
        <active>true</active>
        <array>false</array>
        <attributes/>
        <audit>false</audit>
        <calculation><![CDATA[(function calculatedFieldValue(current) {

	// Add your code here
	return '';  // return the calculated value

})(current);]]></calculation>
        <choice/>
        <choice_field/>
        <choice_table/>
        <column_label>scm_url</column_label>
        <comments/>
        <create_roles/>
        <default_value/>
        <defaultsort/>
        <delete_roles/>
        <dependent/>
        <dependent_on_field/>
        <display>false</display>
        <dynamic_creation>false</dynamic_creation>
        <dynamic_creation_script/>
        <dynamic_default_value/>
        <dynamic_ref_qual/>
        <element>u_scm_url</element>
        <element_reference>false</element_reference>
        <foreign_database/>
        <help/>
        <hint/>
        <internal_type/>
        <label>scm_url</label>
        <mandatory>false</mandatory>
        <max_length>256</max_length>
        <model_id>4dc6d79e13735a00913abcc32244b016</model_id>
        <model_table>wf_workflow</model_table>
        <name>var__m_4dc6d79e13735a00913abcc32244b016</name>
        <next_element/>
        <order>100</order>
        <primary>false</primary>
        <read_only>false</read_only>
        <read_roles/>
        <reference/>
        <reference_cascade_rule/>
        <reference_floats>false</reference_floats>
        <reference_key/>
        <reference_qual/>
        <reference_qual_condition/>
        <reference_type/>
        <sizeclass/>
        <spell_check>false</spell_check>
        <staged>false</staged>
        <sys_class_name>var_dictionary</sys_class_name>
        <sys_created_by>shaun.millin</sys_created_by>
        <sys_created_on>2016-06-06 15:45:03</sys_created_on>
        <sys_customer_update>false</sys_customer_update>
        <sys_id>2fe0679213b35a00913abcc32244b078</sys_id>
        <sys_mod_count>4</sys_mod_count>
        <sys_name>scm_url</sys_name>
        <sys_package display_value="Continuous Integration" source="x_snc_itom_ci">741820034f671600298deed18110c701</sys_package>
        <sys_policy/>
        <sys_replace_on_upgrade>false</sys_replace_on_upgrade>
        <sys_scope display_value="Continuous Integration">741820034f671600298deed18110c701</sys_scope>
        <sys_update_name>var_dictionary_2fe0679213b35a00913abcc32244b078</sys_update_name>
        <sys_updated_by>shaun.millin</sys_updated_by>
        <sys_updated_on>2016-06-06 16:16:14</sys_updated_on>
        <table_reference>false</table_reference>
        <text_index>false</text_index>
        <unique>false</unique>
        <use_dependent_field>false</use_dependent_field>
        <use_dynamic_default>false</use_dynamic_default>
        <use_reference_qualifier>simple</use_reference_qualifier>
        <virtual>false</virtual>
        <widget/>
        <write_roles/>
        <xml_view>false</xml_view>
    </var_dictionary>
    <var_dictionary action="INSERT_OR_UPDATE">
        <active>true</active>
        <array>false</array>
        <attributes/>
        <audit>false</audit>
        <calculation><![CDATA[(function calculatedFieldValue(current) {

	// Add your code here
	return '';  // return the calculated value

})(current);]]></calculation>
        <choice/>
        <choice_field/>
        <choice_table/>
        <column_label>scm_commit</column_label>
        <comments/>
        <create_roles/>
        <default_value/>
        <defaultsort/>
        <delete_roles/>
        <dependent/>
        <dependent_on_field/>
        <display>false</display>
        <dynamic_creation>false</dynamic_creation>
        <dynamic_creation_script/>
        <dynamic_default_value/>
        <dynamic_ref_qual/>
        <element>u_scm_commit</element>
        <element_reference>false</element_reference>
        <foreign_database/>
        <help/>
        <hint/>
        <internal_type/>
        <label>scm_commit</label>
        <mandatory>false</mandatory>
        <max_length>256</max_length>
        <model_id>4dc6d79e13735a00913abcc32244b016</model_id>
        <model_table>wf_workflow</model_table>
        <name>var__m_4dc6d79e13735a00913abcc32244b016</name>
        <next_element/>
        <order>100</order>
        <primary>false</primary>
        <read_only>false</read_only>
        <read_roles/>
        <reference/>
        <reference_cascade_rule/>
        <reference_floats>false</reference_floats>
        <reference_key/>
        <reference_qual/>
        <reference_qual_condition/>
        <reference_type/>
        <sizeclass/>
        <spell_check>false</spell_check>
        <staged>false</staged>
        <sys_class_name>var_dictionary</sys_class_name>
        <sys_created_by>shaun.millin</sys_created_by>
        <sys_created_on>2016-06-06 16:14:51</sys_created_on>
        <sys_customer_update>false</sys_customer_update>
        <sys_id>61b7235613b35a00913abcc32244b041</sys_id>
        <sys_mod_count>1</sys_mod_count>
        <sys_name>scm_commit</sys_name>
        <sys_package display_value="Continuous Integration" source="x_snc_itom_ci">741820034f671600298deed18110c701</sys_package>
        <sys_policy/>
        <sys_replace_on_upgrade>false</sys_replace_on_upgrade>
        <sys_scope display_value="Continuous Integration">741820034f671600298deed18110c701</sys_scope>
        <sys_update_name>var_dictionary_61b7235613b35a00913abcc32244b041</sys_update_name>
        <sys_updated_by>shaun.millin</sys_updated_by>
        <sys_updated_on>2016-06-06 16:14:52</sys_updated_on>
        <table_reference>false</table_reference>
        <text_index>false</text_index>
        <unique>false</unique>
        <use_dependent_field>false</use_dependent_field>
        <use_dynamic_default>false</use_dynamic_default>
        <use_reference_qualifier>simple</use_reference_qualifier>
        <virtual>false</virtual>
        <widget/>
        <write_roles/>
        <xml_view>false</xml_view>
    </var_dictionary>
    <var_dictionary action="INSERT_OR_UPDATE">
        <active>true</active>
        <array>false</array>
        <attributes/>
        <audit>false</audit>
        <calculation><![CDATA[(function calculatedFieldValue(current) {

	// Add your code here
	return '';  // return the calculated value

})(current);]]></calculation>
        <choice/>
        <choice_field/>
        <choice_table/>
        <column_label>scm_branch</column_label>
        <comments/>
        <create_roles/>
        <default_value/>
        <defaultsort/>
        <delete_roles/>
        <dependent/>
        <dependent_on_field/>
        <display>false</display>
        <dynamic_creation>false</dynamic_creation>
        <dynamic_creation_script/>
        <dynamic_default_value/>
        <dynamic_ref_qual/>
        <element>u_scm_branch</element>
        <element_reference>false</element_reference>
        <foreign_database/>
        <help/>
        <hint/>
        <internal_type/>
        <label>scm_branch</label>
        <mandatory>false</mandatory>
        <max_length>256</max_length>
        <model_id>4dc6d79e13735a00913abcc32244b016</model_id>
        <model_table>wf_workflow</model_table>
        <name>var__m_4dc6d79e13735a00913abcc32244b016</name>
        <next_element/>
        <order>100</order>
        <primary>false</primary>
        <read_only>false</read_only>
        <read_roles/>
        <reference/>
        <reference_cascade_rule/>
        <reference_floats>false</reference_floats>
        <reference_key/>
        <reference_qual/>
        <reference_qual_condition/>
        <reference_type/>
        <sizeclass/>
        <spell_check>false</spell_check>
        <staged>false</staged>
        <sys_class_name>var_dictionary</sys_class_name>
        <sys_created_by>shaun.millin</sys_created_by>
        <sys_created_on>2016-06-06 16:17:14</sys_created_on>
        <sys_customer_update>false</sys_customer_update>
        <sys_id>ca48275613b35a00913abcc32244b07f</sys_id>
        <sys_mod_count>1</sys_mod_count>
        <sys_name>scm_branch</sys_name>
        <sys_package display_value="Continuous Integration" source="x_snc_itom_ci">741820034f671600298deed18110c701</sys_package>
        <sys_policy/>
        <sys_replace_on_upgrade>false</sys_replace_on_upgrade>
        <sys_scope display_value="Continuous Integration">741820034f671600298deed18110c701</sys_scope>
        <sys_update_name>var_dictionary_ca48275613b35a00913abcc32244b07f</sys_update_name>
        <sys_updated_by>shaun.millin</sys_updated_by>
        <sys_updated_on>2016-06-06 16:17:14</sys_updated_on>
        <table_reference>false</table_reference>
        <text_index>false</text_index>
        <unique>false</unique>
        <use_dependent_field>false</use_dependent_field>
        <use_dynamic_default>false</use_dynamic_default>
        <use_reference_qualifier>simple</use_reference_qualifier>
        <virtual>false</virtual>
        <widget/>
        <write_roles/>
        <xml_view>false</xml_view>
    </var_dictionary>
    <var_dictionary action="INSERT_OR_UPDATE">
        <active>true</active>
        <array>false</array>
        <attributes/>
        <audit>false</audit>
        <calculation><![CDATA[(function calculatedFieldValue(current) {

	// Add your code here
	return '';  // return the calculated value

})(current);]]></calculation>
        <choice/>
        <choice_field/>
        <choice_table/>
        <column_label>Build_Host</column_label>
        <comments/>
        <create_roles/>
        <default_value/>
        <defaultsort/>
        <delete_roles/>
        <dependent/>
        <dependent_on_field/>
        <display>false</display>
        <dynamic_creation>false</dynamic_creation>
        <dynamic_creation_script/>
        <dynamic_default_value/>
        <dynamic_ref_qual/>
        <element>u_build_host</element>
        <element_reference>false</element_reference>
        <foreign_database/>
        <help/>
        <hint/>
        <internal_type/>
        <label>Build_Host</label>
        <mandatory>false</mandatory>
        <max_length>256</max_length>
        <model_id>4dc6d79e13735a00913abcc32244b016</model_id>
        <model_table>wf_workflow</model_table>
        <name>var__m_4dc6d79e13735a00913abcc32244b016</name>
        <next_element/>
        <order>100</order>
        <primary>false</primary>
        <read_only>false</read_only>
        <read_roles/>
        <reference/>
        <reference_cascade_rule/>
        <reference_floats>false</reference_floats>
        <reference_key/>
        <reference_qual/>
        <reference_qual_condition/>
        <reference_type/>
        <sizeclass/>
        <spell_check>false</spell_check>
        <staged>false</staged>
        <sys_class_name>var_dictionary</sys_class_name>
        <sys_created_by>shaun.millin</sys_created_by>
        <sys_created_on>2016-06-06 15:29:06</sys_created_on>
        <sys_customer_update>false</sys_customer_update>
        <sys_id>d04d9f1213b35a00913abcc32244b0c8</sys_id>
        <sys_mod_count>4</sys_mod_count>
        <sys_name>Build_Host</sys_name>
        <sys_package display_value="Continuous Integration" source="x_snc_itom_ci">741820034f671600298deed18110c701</sys_package>
        <sys_policy/>
        <sys_replace_on_upgrade>false</sys_replace_on_upgrade>
        <sys_scope display_value="Continuous Integration">741820034f671600298deed18110c701</sys_scope>
        <sys_update_name>var_dictionary_d04d9f1213b35a00913abcc32244b0c8</sys_update_name>
        <sys_updated_by>shaun.millin</sys_updated_by>
        <sys_updated_on>2016-06-06 16:16:39</sys_updated_on>
        <table_reference>false</table_reference>
        <text_index>false</text_index>
        <unique>false</unique>
        <use_dependent_field>false</use_dependent_field>
        <use_dynamic_default>false</use_dynamic_default>
        <use_reference_qualifier>simple</use_reference_qualifier>
        <virtual>false</virtual>
        <widget/>
        <write_roles/>
        <xml_view>false</xml_view>
    </var_dictionary>
    <sys_documentation element="u_build_url" language="en" table="var__m_4dc6d79e13735a00913abcc32244b016">
        <sys_documentation action="INSERT_OR_UPDATE">
            <element>u_build_url</element>
            <help/>
            <hint/>
            <label>build_url</label>
            <language>en</language>
            <name>var__m_4dc6d79e13735a00913abcc32244b016</name>
            <plural>build_urls</plural>
            <sys_class_name>sys_documentation</sys_class_name>
            <sys_created_by>shaun.millin</sys_created_by>
            <sys_created_on>2016-06-06 16:18:36</sys_created_on>
            <sys_customer_update>false</sys_customer_update>
            <sys_id>09a8e35613b35a00913abcc32244b0d4</sys_id>
            <sys_mod_count>0</sys_mod_count>
            <sys_name>build_url</sys_name>
            <sys_package display_value="Continuous Integration" source="x_snc_itom_ci">741820034f671600298deed18110c701</sys_package>
            <sys_policy/>
            <sys_replace_on_upgrade>false</sys_replace_on_upgrade>
            <sys_scope display_value="Continuous Integration">741820034f671600298deed18110c701</sys_scope>
            <sys_update_name>sys_documentation_var__m_4dc6d79e13735a00913abcc32244b016_u_build_url_en</sys_update_name>
            <sys_updated_by>shaun.millin</sys_updated_by>
            <sys_updated_on>2016-06-06 16:18:36</sys_updated_on>
            <url/>
            <url_target/>
        </sys_documentation>
    </sys_documentation>
    <sys_documentation element="u_scm_url" language="en" table="var__m_4dc6d79e13735a00913abcc32244b016">
        <sys_documentation action="INSERT_OR_UPDATE">
            <element>u_scm_url</element>
            <help/>
            <hint/>
            <label>scm_url</label>
            <language>en</language>
            <name>var__m_4dc6d79e13735a00913abcc32244b016</name>
            <plural>scm_urls</plural>
            <sys_class_name>sys_documentation</sys_class_name>
            <sys_created_by>shaun.millin</sys_created_by>
            <sys_created_on>2016-06-06 16:16:14</sys_created_on>
            <sys_customer_update>false</sys_customer_update>
            <sys_id>2e18a35613b35a00913abcc32244b0fc</sys_id>
            <sys_mod_count>0</sys_mod_count>
            <sys_name>scm_url</sys_name>
            <sys_package display_value="Continuous Integration" source="x_snc_itom_ci">741820034f671600298deed18110c701</sys_package>
            <sys_policy/>
            <sys_replace_on_upgrade>false</sys_replace_on_upgrade>
            <sys_scope display_value="Continuous Integration">741820034f671600298deed18110c701</sys_scope>
            <sys_update_name>sys_documentation_var__m_4dc6d79e13735a00913abcc32244b016_u_scm_url_en</sys_update_name>
            <sys_updated_by>shaun.millin</sys_updated_by>
            <sys_updated_on>2016-06-06 16:16:14</sys_updated_on>
            <url/>
            <url_target/>
        </sys_documentation>
    </sys_documentation>
    <sys_documentation element="u_build_host" language="en" table="var__m_4dc6d79e13735a00913abcc32244b016">
        <sys_documentation action="INSERT_OR_UPDATE">
            <element>u_build_host</element>
            <help/>
            <hint/>
            <label>Build_Host</label>
            <language>en</language>
            <name>var__m_4dc6d79e13735a00913abcc32244b016</name>
            <plural>Build_Hosts</plural>
            <sys_class_name>sys_documentation</sys_class_name>
            <sys_created_by>shaun.millin</sys_created_by>
            <sys_created_on>2016-06-06 16:16:39</sys_created_on>
            <sys_customer_update>false</sys_customer_update>
            <sys_id>6038e35613b35a00913abcc32244b09d</sys_id>
            <sys_mod_count>0</sys_mod_count>
            <sys_name>Build_Host</sys_name>
            <sys_package display_value="Continuous Integration" source="x_snc_itom_ci">741820034f671600298deed18110c701</sys_package>
            <sys_policy/>
            <sys_replace_on_upgrade>false</sys_replace_on_upgrade>
            <sys_scope display_value="Continuous Integration">741820034f671600298deed18110c701</sys_scope>
            <sys_update_name>sys_documentation_var__m_4dc6d79e13735a00913abcc32244b016_u_build_host_en</sys_update_name>
            <sys_updated_by>shaun.millin</sys_updated_by>
            <sys_updated_on>2016-06-06 16:16:39</sys_updated_on>
            <url/>
            <url_target/>
        </sys_documentation>
    </sys_documentation>
    <sys_documentation element="u_githuburl" language="en" table="var__m_4dc6d79e13735a00913abcc32244b016">
        <sys_documentation action="INSERT_OR_UPDATE">
            <element>u_githuburl</element>
            <help/>
            <hint/>
            <label>githuburl</label>
            <language>en</language>
            <name>var__m_4dc6d79e13735a00913abcc32244b016</name>
            <plural>githuburl</plural>
            <sys_class_name>sys_documentation</sys_class_name>
            <sys_created_by>shaun.millin</sys_created_by>
            <sys_created_on>2016-06-06 15:45:03</sys_created_on>
            <sys_customer_update>false</sys_customer_update>
            <sys_id>79f0679213b35a00913abcc32244b07d</sys_id>
            <sys_mod_count>1</sys_mod_count>
            <sys_name>githuburl</sys_name>
            <sys_package display_value="Continuous Integration" source="x_snc_itom_ci">741820034f671600298deed18110c701</sys_package>
            <sys_policy/>
            <sys_replace_on_upgrade>false</sys_replace_on_upgrade>
            <sys_scope display_value="Continuous Integration">741820034f671600298deed18110c701</sys_scope>
            <sys_update_name>sys_documentation_var__m_4dc6d79e13735a00913abcc32244b016_u_githuburl_en</sys_update_name>
            <sys_updated_by>shaun.millin</sys_updated_by>
            <sys_updated_on>2016-06-06 16:10:53</sys_updated_on>
            <url/>
            <url_target/>
        </sys_documentation>
    </sys_documentation>
    <sys_documentation element="u_jenkinshost" language="en" table="var__m_4dc6d79e13735a00913abcc32244b016">
        <sys_documentation action="INSERT_OR_UPDATE">
            <element>u_jenkinshost</element>
            <help/>
            <hint/>
            <label>jenkinsHost</label>
            <language>en</language>
            <name>var__m_4dc6d79e13735a00913abcc32244b016</name>
            <plural>jenkinsHost</plural>
            <sys_class_name>sys_documentation</sys_class_name>
            <sys_created_by>shaun.millin</sys_created_by>
            <sys_created_on>2016-06-06 15:29:07</sys_created_on>
            <sys_customer_update>false</sys_customer_update>
            <sys_id>945ddf1213b35a00913abcc32244b006</sys_id>
            <sys_mod_count>1</sys_mod_count>
            <sys_name>jenkinsHost</sys_name>
            <sys_package display_value="Continuous Integration" source="x_snc_itom_ci">741820034f671600298deed18110c701</sys_package>
            <sys_policy/>
            <sys_replace_on_upgrade>false</sys_replace_on_upgrade>
            <sys_scope display_value="Continuous Integration">741820034f671600298deed18110c701</sys_scope>
            <sys_update_name>sys_documentation_var__m_4dc6d79e13735a00913abcc32244b016_u_jenkinshost_en</sys_update_name>
            <sys_updated_by>shaun.millin</sys_updated_by>
            <sys_updated_on>2016-06-06 16:11:03</sys_updated_on>
            <url/>
            <url_target/>
        </sys_documentation>
    </sys_documentation>
    <sys_documentation element="u_scm_branch" language="en" table="var__m_4dc6d79e13735a00913abcc32244b016">
        <sys_documentation action="INSERT_OR_UPDATE">
            <element>u_scm_branch</element>
            <help/>
            <hint/>
            <label>scm_branch</label>
            <language>en</language>
            <name>var__m_4dc6d79e13735a00913abcc32244b016</name>
            <plural>scm_branches</plural>
            <sys_class_name>sys_documentation</sys_class_name>
            <sys_created_by>shaun.millin</sys_created_by>
            <sys_created_on>2016-06-06 16:17:14</sys_created_on>
            <sys_customer_update>false</sys_customer_update>
            <sys_id>9d58275613b35a00913abcc32244b083</sys_id>
            <sys_mod_count>0</sys_mod_count>
            <sys_name>scm_branch</sys_name>
            <sys_package display_value="Continuous Integration" source="x_snc_itom_ci">741820034f671600298deed18110c701</sys_package>
            <sys_policy/>
            <sys_replace_on_upgrade>false</sys_replace_on_upgrade>
            <sys_scope display_value="Continuous Integration">741820034f671600298deed18110c701</sys_scope>
            <sys_update_name>sys_documentation_var__m_4dc6d79e13735a00913abcc32244b016_u_scm_branch_en</sys_update_name>
            <sys_updated_by>shaun.millin</sys_updated_by>
            <sys_updated_on>2016-06-06 16:17:14</sys_updated_on>
            <url/>
            <url_target/>
        </sys_documentation>
    </sys_documentation>
    <sys_documentation element="u_scm_commit" language="en" table="var__m_4dc6d79e13735a00913abcc32244b016">
        <sys_documentation action="INSERT_OR_UPDATE">
            <element>u_scm_commit</element>
            <help/>
            <hint/>
            <label>scm_commit</label>
            <language>en</language>
            <name>var__m_4dc6d79e13735a00913abcc32244b016</name>
            <plural>scm_commits</plural>
            <sys_class_name>sys_documentation</sys_class_name>
            <sys_created_by>shaun.millin</sys_created_by>
            <sys_created_on>2016-06-06 16:14:52</sys_created_on>
            <sys_customer_update>false</sys_customer_update>
            <sys_id>e2c7235613b35a00913abcc32244b0b5</sys_id>
            <sys_mod_count>0</sys_mod_count>
            <sys_name>scm_commit</sys_name>
            <sys_package display_value="Continuous Integration" source="x_snc_itom_ci">741820034f671600298deed18110c701</sys_package>
            <sys_policy/>
            <sys_replace_on_upgrade>false</sys_replace_on_upgrade>
            <sys_scope display_value="Continuous Integration">741820034f671600298deed18110c701</sys_scope>
            <sys_update_name>sys_documentation_var__m_4dc6d79e13735a00913abcc32244b016_u_scm_commit_en</sys_update_name>
            <sys_updated_by>shaun.millin</sys_updated_by>
            <sys_updated_on>2016-06-06 16:14:52</sys_updated_on>
            <url/>
            <url_target/>
        </sys_documentation>
    </sys_documentation>
    <wf_estimated_runtime_config action="INSERT_OR_UPDATE">
        <estimated_run_time/>
        <no_of_data_points>1</no_of_data_points>
        <percentage_threshold_ert>20</percentage_threshold_ert>
        <sys_created_by>reuben.stump</sys_created_by>
        <sys_created_on>2016-06-24 21:45:14</sys_created_on>
        <sys_id>5500e11013d82600913abcc32244b08a</sys_id>
        <sys_mod_count>0</sys_mod_count>
        <sys_updated_by>reuben.stump</sys_updated_by>
        <sys_updated_on>2016-06-24 21:45:14</sys_updated_on>
        <workflow_version display_value="CI Post Build WebHook">1500e11013d82600913abcc32244b08a</workflow_version>
    </wf_estimated_runtime_config>
    <wf_workflow_version action="update_multiple" query="workflow=4dc6d79e13735a00913abcc32244b016^sys_id!=1500e11013d82600913abcc32244b08a">
        <published>false</published>
    </wf_workflow_version>
</record_update>
