<?xml version="1.0" encoding="UTF-8"?>
<database>
    <element label="Jenkins Builds" max_length="40" name="x_snc_itom_ci_jenkins_builds" type="collection">
        <element label="building" max_length="256" name="building" type="string"/>
        <element display="true" label="Build ID" mandatory="true" max_length="40" name="build_id" type="integer"/>
        <element label="Commit" max_length="32" name="commit" reference="x_snc_itom_ci_github_commits" type="reference"/>
        <element label="Description" max_length="1024" name="description" type="string"/>
        <element label="Display_Name" max_length="1024" name="display_name" type="string"/>
        <element default="0" label="Duration" max_length="40" name="duration" type="integer"/>
        <element default="0" label="Estimated_Duration" max_length="40" name="estimated_duration" type="integer"/>
        <element label="Full_Display_Name" max_length="2048" name="full_display_name" type="string"/>
        <element label="Result" max_length="40" name="result" type="string"/>
        <element label="TimeStamp" max_length="40" name="timestamp" type="glide_date_time"/>
        <element label="Url" max_length="1024" name="url" type="url"/>
        <index name="index">
            <element name="commit"/>
        </index>
    </element>
</database>
