<?xml version="1.0" encoding="UTF-8"?>
<database>
    <element label="Jenkins Credentials" max_length="40" name="x_snc_itom_ci_jenkins_credentials" type="collection">
        <element label="Password" max_length="255" name="password" type="password2"/>
        <element label="Server" max_length="32" name="server" reference="x_snc_itom_ci_jenkins_servers" type="reference"/>
        <element label="User" max_length="256" name="user" type="string"/>
        <index name="index">
            <element name="server"/>
        </index>
    </element>
</database>
